Experiment,Board,Word1,Word2,Clue1,clueCount,wordpair,correctedClue,boardnames,Level
E1,TrialList1,exam,algebra,calculus,1,exam-algebra,calculus,e1_board1_words,Easy
E1,TrialList1,exam,algebra,equation,1,exam-algebra,equation,e1_board1_words,Easy
E1,TrialList1,exam,algebra,knowledge,1,exam-algebra,knowledge,e1_board1_words,Easy
E1,TrialList1,exam,algebra,math,22,exam-algebra,math,e1_board1_words,Easy
E1,TrialList1,exam,algebra,school,2,exam-algebra,school,e1_board1_words,Easy
E1,TrialList1,exam,algebra,study,1,exam-algebra,study,e1_board1_words,Easy
E1,TrialList1,exam,algebra,test,3,exam-algebra,test,e1_board1_words,Easy
E1,TrialList1,giggle,abnormal,awkward,1,giggle-abnormal,awkward,e1_board1_words,Medium
E1,TrialList1,giggle,abnormal,cackle,1,giggle-abnormal,cackle,e1_board1_words,Medium
E1,TrialList1,giggle,abnormal,comedy,2,giggle-abnormal,comedy,e1_board1_words,Medium
E1,TrialList1,giggle,abnormal,embarrass,1,giggle-abnormal,embarrass,e1_board1_words,Medium
E1,TrialList1,giggle,abnormal,emotion,1,giggle-abnormal,emotion,e1_board1_words,Medium
E1,TrialList1,giggle,abnormal,extravert,1,giggle-abnormal,extravert,e1_board1_words,Medium
E1,TrialList1,giggle,abnormal,funny,3,giggle-abnormal,funny,e1_board1_words,Medium
E1,TrialList1,giggle,abnormal,giddy,1,giggle-abnormal,giddy,e1_board1_words,Medium
E1,TrialList1,giggle,abnormal,goofy,1,giggle-abnormal,goofy,e1_board1_words,Medium
E1,TrialList1,giggle,abnormal,happy,1,giggle-abnormal,happy,e1_board1_words,Medium
E1,TrialList1,giggle,abnormal,hilarious,1,giggle-abnormal,hilarious,e1_board1_words,Medium
E1,TrialList1,giggle,abnormal,hysterical,2,giggle-abnormal,hysterical,e1_board1_words,Medium
E1,TrialList1,giggle,abnormal,insane,1,giggle-abnormal,insane,e1_board1_words,Medium
E1,TrialList1,giggle,abnormal,laugh,3,giggle-abnormal,laugh,e1_board1_words,Medium
E1,TrialList1,giggle,abnormal,outburst,1,giggle-abnormal,outburst,e1_board1_words,Medium
E1,TrialList1,giggle,abnormal,quirky,1,giggle-abnormal,quirky,e1_board1_words,Medium
E1,TrialList1,giggle,abnormal,silly,1,giggle-abnormal,silly,e1_board1_words,Medium
E1,TrialList1,giggle,abnormal,snort,4,giggle-abnormal,snort,e1_board1_words,Medium
E1,TrialList1,giggle,abnormal,standout,1,giggle-abnormal,standout,e1_board1_words,Medium
E1,TrialList1,giggle,abnormal,weird,3,giggle-abnormal,weird,e1_board1_words,Medium
E1,TrialList1,void,couch,alone,2,void-couch,alone,e1_board1_words,Hard
E1,TrialList1,void,couch,comfort,1,void-couch,comfort,e1_board1_words,Hard
E1,TrialList1,void,couch,comfortable,1,void-couch,comfortable,e1_board1_words,Hard
E1,TrialList1,void,couch,crack,1,void-couch,crack,e1_board1_words,Hard
E1,TrialList1,void,couch,depress,1,void-couch,depressing,e1_board1_words,Hard
E1,TrialList1,void,couch,depressed,1,void-couch,depressed,e1_board1_words,Hard
E1,TrialList1,void,couch,empty,2,void-couch,empty,e1_board1_words,Hard
E1,TrialList1,void,couch,furniture,1,void-couch,furniture,e1_board1_words,Hard
E1,TrialList1,void,couch,lazy,5,void-couch,lazy,e1_board1_words,Hard
E1,TrialList1,void,couch,move,1,void-couch,move,e1_board1_words,Hard
E1,TrialList1,void,couch,pillow,1,void-couch,pillow,e1_board1_words,Hard
E1,TrialList1,void,couch,purchase,1,void-couch,purchase,e1_board1_words,Hard
E1,TrialList1,void,couch,relax,2,void-couch,relax,e1_board1_words,Hard
E1,TrialList1,void,couch,seat,1,void-couch,seat,e1_board1_words,Hard
E1,TrialList1,void,couch,seatcheck,1,void-couch,seat,e1_board1_words,Hard
E1,TrialList1,void,couch,sedentary,1,void-couch,sedentary,e1_board1_words,Hard
E1,TrialList1,void,couch,sit,2,void-couch,sit,e1_board1_words,Hard
E1,TrialList1,void,couch,sofa,1,void-couch,sofa,e1_board1_words,Hard
E1,TrialList1,void,couch,space,2,void-couch,space,e1_board1_words,Hard
E1,TrialList1,void,couch,stare,1,void-couch,stare,e1_board1_words,Hard
E1,TrialList1,void,couch,store,1,void-couch,store,e1_board1_words,Hard
E1,TrialList1,void,couch,weekend,1,void-couch,weekend,e1_board1_words,Hard
E1,TrialList10,pendulum,dusk,change,1,pendulum-dusk,change,e1_board10_words,Hard
E1,TrialList10,pendulum,dusk,clock,6,pendulum-dusk,clock,e1_board10_words,Hard
E1,TrialList10,pendulum,dusk,cycle,1,pendulum-dusk,cycle,e1_board10_words,Hard
E1,TrialList10,pendulum,dusk,end,2,pendulum-dusk,end,e1_board10_words,Hard
E1,TrialList10,pendulum,dusk,evening,1,pendulum-dusk,evening,e1_board10_words,Hard
E1,TrialList10,pendulum,dusk,hypnotize,1,pendulum-dusk,hypnotize,e1_board10_words,Hard
E1,TrialList10,pendulum,dusk,light,1,pendulum-dusk,light,e1_board10_words,Hard
E1,TrialList10,pendulum,dusk,midnight,1,pendulum-dusk,midnight,e1_board10_words,Hard
E1,TrialList10,pendulum,dusk,repetitious,1,pendulum-dusk,repetitious,e1_board10_words,Hard
E1,TrialList10,pendulum,dusk,right,1,pendulum-dusk,right,e1_board10_words,Hard
E1,TrialList10,pendulum,dusk,sun,1,pendulum-dusk,sun,e1_board10_words,Hard
E1,TrialList10,pendulum,dusk,sunset,1,pendulum-dusk,sunset,e1_board10_words,Hard
E1,TrialList10,pendulum,dusk,swing,5,pendulum-dusk,swing,e1_board10_words,Hard
E1,TrialList10,pendulum,dusk,time,8,pendulum-dusk,time,e1_board10_words,Hard
E1,TrialList10,tea,bean,beverage,1,tea-bean,beverage,e1_board10_words,Easy
E1,TrialList10,tea,bean,black,1,tea-bean,black,e1_board10_words,Easy
E1,TrialList10,tea,bean,Boston,1,tea-bean,Boston,e1_board10_words,Easy
E1,TrialList10,tea,bean,cafe,2,tea-bean,cafe,e1_board10_words,Easy
E1,TrialList10,tea,bean,caffeine,1,tea-bean,caffeine,e1_board10_words,Easy
E1,TrialList10,tea,bean,coffee,10,tea-bean,coffee,e1_board10_words,Easy
E1,TrialList10,tea,bean,drink,6,tea-bean,drink,e1_board10_words,Easy
E1,TrialList10,tea,bean,food,1,tea-bean,food,e1_board10_words,Easy
E1,TrialList10,tea,bean,green,2,tea-bean,green,e1_board10_words,Easy
E1,TrialList10,tea,bean,legume,1,tea-bean,legume,e1_board10_words,Easy
E1,TrialList10,tea,bean,plant,1,tea-bean,plant,e1_board10_words,Easy
E1,TrialList10,tea,bean,roast,1,tea-bean,roast,e1_board10_words,Easy
E1,TrialList10,tea,bean,Starbucks,1,tea-bean,Starbucks,e1_board10_words,Easy
E1,TrialList10,tea,bean,time,1,tea-bean,time,e1_board10_words,Easy
E1,TrialList10,tea,bean,vanilla,1,tea-bean,vanilla,e1_board10_words,Easy
E1,TrialList10,tourist,comedy,activity,1,tourist-comedy,activity,e1_board10_words,Medium
E1,TrialList10,tourist,comedy,attraction,1,tourist-comedy,attraction,e1_board10_words,Medium
E1,TrialList10,tourist,comedy,audience,1,tourist-comedy,audience,e1_board10_words,Medium
E1,TrialList10,tourist,comedy,Aziz,1,tourist-comedy,Aziz,e1_board10_words,Medium
E1,TrialList10,tourist,comedy,Borat,1,tourist-comedy,Borat,e1_board10_words,Medium
E1,TrialList10,tourist,comedy,cinema,1,tourist-comedy,cinema,e1_board10_words,Medium
E1,TrialList10,tourist,comedy,cruise,1,tourist-comedy,cruise,e1_board10_words,Medium
E1,TrialList10,tourist,comedy,Ellen,1,tourist-comedy,Ellen,e1_board10_words,Medium
E1,TrialList10,tourist,comedy,enjoy,1,tourist-comedy,enjoy,e1_board10_words,Medium
E1,TrialList10,tourist,comedy,entertain,2,tourist-comedy,entertain,e1_board10_words,Medium
E1,TrialList10,tourist,comedy,fun,1,tourist-comedy,fun,e1_board10_words,Medium
E1,TrialList10,tourist,comedy,funny,1,tourist-comedy,funny,e1_board10_words,Medium
E1,TrialList10,tourist,comedy,happy,1,tourist-comedy,happy,e1_board10_words,Medium
E1,TrialList10,tourist,comedy,Hawaii,1,tourist-comedy,Hawaii,e1_board10_words,Medium
E1,TrialList10,tourist,comedy,Las Vegas,1,tourist-comedy,Las Vegas,e1_board10_words,Medium
E1,TrialList10,tourist,comedy,laugh,4,tourist-comedy,laugh,e1_board10_words,Medium
E1,TrialList10,tourist,comedy,performance,1,tourist-comedy,performance,e1_board10_words,Medium
E1,TrialList10,tourist,comedy,plan,1,tourist-comedy,plan,e1_board10_words,Medium
E1,TrialList10,tourist,comedy,show,2,tourist-comedy,show,e1_board10_words,Medium
E1,TrialList10,tourist,comedy,sightseeing,1,tourist-comedy,see,e1_board10_words,Medium
E1,TrialList10,tourist,comedy,tacky,1,tourist-comedy,tacky,e1_board10_words,Medium
E1,TrialList10,tourist,comedy,theatre,1,tourist-comedy,theater,e1_board10_words,Medium
E1,TrialList10,tourist,comedy,ticket,1,tourist-comedy,ticket,e1_board10_words,Medium
E1,TrialList10,tourist,comedy,travel,2,tourist-comedy,travel,e1_board10_words,Medium
E1,TrialList10,tourist,comedy,vacation,1,tourist-comedy,vacation,e1_board10_words,Medium
E1,TrialList2,beginning,brake,abrupt,1,beginning-brake,abrupt,e1_board2_words,Hard
E1,TrialList2,beginning,brake,bicycle,1,beginning-brake,bicycle,e1_board2_words,Hard
E1,TrialList2,beginning,brake,bike,1,beginning-brake,bike,e1_board2_words,Hard
E1,TrialList2,beginning,brake,car,1,beginning-brake,car,e1_board2_words,Hard
E1,TrialList2,beginning,brake,cautious,1,beginning-brake,cautious,e1_board2_words,Hard
E1,TrialList2,beginning,brake,drive,1,beginning-brake,drive,e1_board2_words,Hard
E1,TrialList2,beginning,brake,driver,1,beginning-brake,driver,e1_board2_words,Hard
E1,TrialList2,beginning,brake,end,1,beginning-brake,end,e1_board2_words,Hard
E1,TrialList2,beginning,brake,ignition,1,beginning-brake,ignition,e1_board2_words,Hard
E1,TrialList2,beginning,brake,license,1,beginning-brake,license,e1_board2_words,Hard
E1,TrialList2,beginning,brake,manual,1,beginning-brake,manual,e1_board2_words,Hard
E1,TrialList2,beginning,brake,new,1,beginning-brake,new,e1_board2_words,Hard
E1,TrialList2,beginning,brake,race,1,beginning-brake,race,e1_board2_words,Hard
E1,TrialList2,beginning,brake,restart,1,beginning-brake,restart,e1_board2_words,Hard
E1,TrialList2,beginning,brake,slow,2,beginning-brake,slow,e1_board2_words,Hard
E1,TrialList2,beginning,brake,start,9,beginning-brake,start,e1_board2_words,Hard
E1,TrialList2,beginning,brake,stop,2,beginning-brake,stop,e1_board2_words,Hard
E1,TrialList2,beginning,brake,stoplight,1,beginning-brake,stoplight,e1_board2_words,Hard
E1,TrialList2,beginning,brake,time,2,beginning-brake,time,e1_board2_words,Hard
E1,TrialList2,beginning,brake,tricycle,1,beginning-brake,tricycle,e1_board2_words,Hard
E1,TrialList2,birds,aircraft,flight,8,birds-aircraft,flight,e1_board2_words,Easy
E1,TrialList2,birds,aircraft,fly,20,birds-aircraft,fly,e1_board2_words,Easy
E1,TrialList2,birds,aircraft,sky,2,birds-aircraft,sky,e1_board2_words,Easy
E1,TrialList2,birds,aircraft,turbine,1,birds-aircraft,turbine,e1_board2_words,Easy
E1,TrialList2,school,stop,break,1,school-stop,break,e1_board2_words,Medium
E1,TrialList2,school,stop,bus,6,school-stop,bus,e1_board2_words,Medium
E1,TrialList2,school,stop,cancel,1,school-stop,cancel,e1_board2_words,Medium
E1,TrialList2,school,stop,children,1,school-stop,children,e1_board2_words,Medium
E1,TrialList2,school,stop,class,1,school-stop,class,e1_board2_words,Medium
E1,TrialList2,school,stop,cross,1,school-stop,cross,e1_board2_words,Medium
E1,TrialList2,school,stop,crosswalk,3,school-stop,crosswalk,e1_board2_words,Medium
E1,TrialList2,school,stop,education,1,school-stop,education,e1_board2_words,Medium
E1,TrialList2,school,stop,end,1,school-stop,end,e1_board2_words,Medium
E1,TrialList2,school,stop,graduate,3,school-stop,graduate,e1_board2_words,Medium
E1,TrialList2,school,stop,graduation,2,school-stop,graduation,e1_board2_words,Medium
E1,TrialList2,school,stop,learn,1,school-stop,learn,e1_board2_words,Medium
E1,TrialList2,school,stop,red,1,school-stop,red,e1_board2_words,Medium
E1,TrialList2,school,stop,safety,1,school-stop,safety,e1_board2_words,Medium
E1,TrialList2,school,stop,schedule,1,school-stop,schedule,e1_board2_words,Medium
E1,TrialList2,school,stop,sign,1,school-stop,sign,e1_board2_words,Medium
E1,TrialList2,school,stop,sky,1,school-stop,sky,e1_board2_words,Medium
E1,TrialList2,school,stop,summer,1,school-stop,summer,e1_board2_words,Medium
E1,TrialList2,school,stop,suspension,1,school-stop,suspend,e1_board2_words,Medium
E1,TrialList2,school,stop,vacation,1,school-stop,vacation,e1_board2_words,Medium
E1,TrialList2,school,stop,washu,1,school-stop,washu,e1_board2_words,Medium
E1,TrialList3,circle,dance,art,1,circle-dance,art,e1_board3_words,Easy
E1,TrialList3,circle,dance,campfire,1,circle-dance,campfire,e1_board3_words,Easy
E1,TrialList3,circle,dance,celebration,2,circle-dance,celebration,e1_board3_words,Easy
E1,TrialList3,circle,dance,choreography,1,circle-dance,choreography,e1_board3_words,Easy
E1,TrialList3,circle,dance,circus,1,circle-dance,circus,e1_board3_words,Easy
E1,TrialList3,circle,dance,formation,1,circle-dance,formation,e1_board3_words,Easy
E1,TrialList3,circle,dance,group,1,circle-dance,group,e1_board3_words,Easy
E1,TrialList3,circle,dance,hula,1,circle-dance,hula,e1_board3_words,Easy
E1,TrialList3,circle,dance,K-pop,1,circle-dance,K-pop,e1_board3_words,Easy
E1,TrialList3,circle,dance,mixer,1,circle-dance,mixer,e1_board3_words,Easy
E1,TrialList3,circle,dance,moshpit,2,circle-dance,moshpit,e1_board3_words,Easy
E1,TrialList3,circle,dance,move,2,circle-dance,move,e1_board3_words,Easy
E1,TrialList3,circle,dance,movement,1,circle-dance,movement,e1_board3_words,Easy
E1,TrialList3,circle,dance,party,2,circle-dance,party,e1_board3_words,Easy
E1,TrialList3,circle,dance,performance,1,circle-dance,performance,e1_board3_words,Easy
E1,TrialList3,circle,dance,prom,1,circle-dance,prom,e1_board3_words,Easy
E1,TrialList3,circle,dance,ritual,1,circle-dance,ritual,e1_board3_words,Easy
E1,TrialList3,circle,dance,round,1,circle-dance,round,e1_board3_words,Easy
E1,TrialList3,circle,dance,shape,1,circle-dance,shape,e1_board3_words,Easy
E1,TrialList3,circle,dance,social,1,circle-dance,social,e1_board3_words,Easy
E1,TrialList3,circle,dance,spin,4,circle-dance,spin,e1_board3_words,Easy
E1,TrialList3,circle,dance,square,1,circle-dance,square,e1_board3_words,Easy
E1,TrialList3,circle,dance,squaredance,1,circle-dance,square,e1_board3_words,Easy
E1,TrialList3,circle,dance,twirl,1,circle-dance,twirl,e1_board3_words,Easy
E1,TrialList3,famine,calorie,anorexia,1,famine-calorie,anorexia,e1_board3_words,Medium
E1,TrialList3,famine,calorie,appetite,1,famine-calorie,appetite,e1_board3_words,Medium
E1,TrialList3,famine,calorie,deficit,1,famine-calorie,deficit,e1_board3_words,Medium
E1,TrialList3,famine,calorie,diet,1,famine-calorie,diet,e1_board3_words,Medium
E1,TrialList3,famine,calorie,food,18,famine-calorie,food,e1_board3_words,Medium
E1,TrialList3,famine,calorie,hunger,5,famine-calorie,hunger,e1_board3_words,Medium
E1,TrialList3,famine,calorie,potato,1,famine-calorie,potato,e1_board3_words,Medium
E1,TrialList3,famine,calorie,starve,3,famine-calorie,starve,e1_board3_words,Medium
E1,TrialList3,hundred,economy,Benjamin,1,hundred-economy,Benjamin,e1_board3_words,Hard
E1,TrialList3,hundred,economy,cash,1,hundred-economy,cash,e1_board3_words,Hard
E1,TrialList3,hundred,economy,dollar,3,hundred-economy,dollar,e1_board3_words,Hard
E1,TrialList3,hundred,economy,dollars,1,hundred-economy,dollars,e1_board3_words,Hard
E1,TrialList3,hundred,economy,fortune,1,hundred-economy,fortune,e1_board3_words,Hard
E1,TrialList3,hundred,economy,large,1,hundred-economy,large,e1_board3_words,Hard
E1,TrialList3,hundred,economy,monetary,1,hundred-economy,monetary,e1_board3_words,Hard
E1,TrialList3,hundred,economy,money,13,hundred-economy,money,e1_board3_words,Hard
E1,TrialList3,hundred,economy,monopoly,1,hundred-economy,monopoly,e1_board3_words,Hard
E1,TrialList3,hundred,economy,number,2,hundred-economy,number,e1_board3_words,Hard
E1,TrialList3,hundred,economy,percentage,1,hundred-economy,percentage,e1_board3_words,Hard
E1,TrialList3,hundred,economy,price,1,hundred-economy,price,e1_board3_words,Hard
E1,TrialList3,hundred,economy,rich,2,hundred-economy,rich,e1_board3_words,Hard
E1,TrialList3,hundred,economy,stock,1,hundred-economy,stock,e1_board3_words,Hard
E1,TrialList3,hundred,economy,Wall Street,1,hundred-economy,Wall Street,e1_board3_words,Hard
E1,TrialList4,corpse,fight,abuse,1,corpse-fight,abuse,e1_board4_words,Hard
E1,TrialList4,corpse,fight,battle,3,corpse-fight,battle,e1_board4_words,Hard
E1,TrialList4,corpse,fight,body,1,corpse-fight,body,e1_board4_words,Hard
E1,TrialList4,corpse,fight,dark,1,corpse-fight,dark,e1_board4_words,Hard
E1,TrialList4,corpse,fight,dead,2,corpse-fight,dead,e1_board4_words,Hard
E1,TrialList4,corpse,fight,death,6,corpse-fight,death,e1_board4_words,Hard
E1,TrialList4,corpse,fight,fatal,1,corpse-fight,fatal,e1_board4_words,Hard
E1,TrialList4,corpse,fight,funeral,1,corpse-fight,funeral,e1_board4_words,Hard
E1,TrialList4,corpse,fight,gladiator,1,corpse-fight,gladiator,e1_board4_words,Hard
E1,TrialList4,corpse,fight,gun,1,corpse-fight,gun,e1_board4_words,Hard
E1,TrialList4,corpse,fight,Hamilton,1,corpse-fight,Hamilton,e1_board4_words,Hard
E1,TrialList4,corpse,fight,kill,1,corpse-fight,kill,e1_board4_words,Hard
E1,TrialList4,corpse,fight,knockout,1,corpse-fight,knockout,e1_board4_words,Hard
E1,TrialList4,corpse,fight,murder,1,corpse-fight,murder,e1_board4_words,Hard
E1,TrialList4,corpse,fight,war,7,corpse-fight,war,e1_board4_words,Hard
E1,TrialList4,corpse,fight,zombie,2,corpse-fight,zombie,e1_board4_words,Hard
E1,TrialList4,graph,copy,analyze,1,graph-copy,analyze,e1_board4_words,Medium
E1,TrialList4,graph,copy,cheat,1,graph-copy,cheat,e1_board4_words,Medium
E1,TrialList4,graph,copy,computer,2,graph-copy,computer,e1_board4_words,Medium
E1,TrialList4,graph,copy,data,2,graph-copy,data,e1_board4_words,Medium
E1,TrialList4,graph,copy,document,1,graph-copy,document,e1_board4_words,Medium
E1,TrialList4,graph,copy,excel,3,graph-copy,excel,e1_board4_words,Medium
E1,TrialList4,graph,copy,homework,3,graph-copy,homework,e1_board4_words,Medium
E1,TrialList4,graph,copy,math,2,graph-copy,math,e1_board4_words,Medium
E1,TrialList4,graph,copy,Microsoft,1,graph-copy,Microsoft,e1_board4_words,Medium
E1,TrialList4,graph,copy,note,1,graph-copy,note,e1_board4_words,Medium
E1,TrialList4,graph,copy,number,1,graph-copy,number,e1_board4_words,Medium
E1,TrialList4,graph,copy,office,1,graph-copy,office,e1_board4_words,Medium
E1,TrialList4,graph,copy,paper,6,graph-copy,paper,e1_board4_words,Medium
E1,TrialList4,graph,copy,photo,1,graph-copy,photo,e1_board4_words,Medium
E1,TrialList4,graph,copy,program,1,graph-copy,program,e1_board4_words,Medium
E1,TrialList4,graph,copy,spreadsheet,2,graph-copy,spreadsheet,e1_board4_words,Medium
E1,TrialList4,graph,copy,statistic,1,graph-copy,statistic,e1_board4_words,Medium
E1,TrialList4,graph,copy,work,1,graph-copy,work,e1_board4_words,Medium
E1,TrialList4,kitchen,egg,bacon,1,kitchen-egg,bacon,e1_board4_words,Easy
E1,TrialList4,kitchen,egg,bake,4,kitchen-egg,bake,e1_board4_words,Easy
E1,TrialList4,kitchen,egg,breakfast,4,kitchen-egg,breakfast,e1_board4_words,Easy
E1,TrialList4,kitchen,egg,chicken,1,kitchen-egg,chicken,e1_board4_words,Easy
E1,TrialList4,kitchen,egg,cook,15,kitchen-egg,cook,e1_board4_words,Easy
E1,TrialList4,kitchen,egg,domestic,1,kitchen-egg,domestic,e1_board4_words,Easy
E1,TrialList4,kitchen,egg,food,1,kitchen-egg,food,e1_board4_words,Easy
E1,TrialList4,kitchen,egg,fry,2,kitchen-egg,fry,e1_board4_words,Easy
E1,TrialList4,kitchen,egg,omelet,1,kitchen-egg,omelet,e1_board4_words,Easy
E1,TrialList4,kitchen,egg,scramble,1,kitchen-egg,scramble,e1_board4_words,Easy
E1,TrialList5,homeless,apartment,food,1,homeless-apartment,food,e1_board5_words,Easy
E1,TrialList5,homeless,apartment,gentrification,1,homeless-apartment,gentrification,e1_board5_words,Easy
E1,TrialList5,homeless,apartment,hobo,1,homeless-apartment,hobo,e1_board5_words,Easy
E1,TrialList5,homeless,apartment,home,3,homeless-apartment,home,e1_board5_words,Easy
E1,TrialList5,homeless,apartment,house,12,homeless-apartment,house,e1_board5_words,Easy
E1,TrialList5,homeless,apartment,live,3,homeless-apartment,live,e1_board5_words,Easy
E1,TrialList5,homeless,apartment,living,1,homeless-apartment,living,e1_board5_words,Easy
E1,TrialList5,homeless,apartment,price control,1,homeless-apartment,price,e1_board5_words,Easy
E1,TrialList5,homeless,apartment,residence,1,homeless-apartment,residence,e1_board5_words,Easy
E1,TrialList5,homeless,apartment,shelter,5,homeless-apartment,shelter,e1_board5_words,Easy
E1,TrialList5,homeless,apartment,sleep,1,homeless-apartment,sleep,e1_board5_words,Easy
E1,TrialList5,homeless,apartment,welfare,1,homeless-apartment,welfare,e1_board5_words,Easy
E1,TrialList5,near,astronaut,discover,1,near-astronaut,discover,e1_board5_words,Hard
E1,TrialList5,near,astronaut,distance,2,near-astronaut,distance,e1_board5_words,Hard
E1,TrialList5,near,astronaut,far,1,near-astronaut,far,e1_board5_words,Hard
E1,TrialList5,near,astronaut,land,1,near-astronaut,land,e1_board5_words,Hard
E1,TrialList5,near,astronaut,mars,2,near-astronaut,Mars,e1_board5_words,Hard
E1,TrialList5,near,astronaut,moon,3,near-astronaut,moon,e1_board5_words,Hard
E1,TrialList5,near,astronaut,NASA,1,near-astronaut,NASA,e1_board5_words,Hard
E1,TrialList5,near,astronaut,orbit,1,near-astronaut,orbit,e1_board5_words,Hard
E1,TrialList5,near,astronaut,rocket,1,near-astronaut,rocket,e1_board5_words,Hard
E1,TrialList5,near,astronaut,space,15,near-astronaut,space,e1_board5_words,Hard
E1,TrialList5,near,astronaut,space station,1,near-astronaut,space,e1_board5_words,Hard
E1,TrialList5,near,astronaut,spatial,1,near-astronaut,space,e1_board5_words,Hard
E1,TrialList5,near,astronaut,train,1,near-astronaut,train,e1_board5_words,Hard
E1,TrialList5,onion,cigarette,breath,1,onion-cigarette,breath,e1_board5_words,Medium
E1,TrialList5,onion,cigarette,burn,2,onion-cigarette,burn,e1_board5_words,Medium
E1,TrialList5,onion,cigarette,cough,1,onion-cigarette,cough,e1_board5_words,Medium
E1,TrialList5,onion,cigarette,cry,1,onion-cigarette,cry,e1_board5_words,Medium
E1,TrialList5,onion,cigarette,disgust,1,onion-cigarette,disgust,e1_board5_words,Medium
E1,TrialList5,onion,cigarette,gross,3,onion-cigarette,gross,e1_board5_words,Medium
E1,TrialList5,onion,cigarette,halitosis,1,onion-cigarette,halitosis,e1_board5_words,Medium
E1,TrialList5,onion,cigarette,heat,1,onion-cigarette,heat,e1_board5_words,Medium
E1,TrialList5,onion,cigarette,lung,1,onion-cigarette,lung,e1_board5_words,Medium
E1,TrialList5,onion,cigarette,mouth,1,onion-cigarette,mouth,e1_board5_words,Medium
E1,TrialList5,onion,cigarette,odor,2,onion-cigarette,odor,e1_board5_words,Medium
E1,TrialList5,onion,cigarette,plant,1,onion-cigarette,plant,e1_board5_words,Medium
E1,TrialList5,onion,cigarette,pungent,1,onion-cigarette,pungent,e1_board5_words,Medium
E1,TrialList5,onion,cigarette,smell,10,onion-cigarette,smell,e1_board5_words,Medium
E1,TrialList5,onion,cigarette,smelly,1,onion-cigarette,smelly,e1_board5_words,Medium
E1,TrialList5,onion,cigarette,stink,2,onion-cigarette,stink,e1_board5_words,Medium
E1,TrialList5,onion,cigarette,strong,1,onion-cigarette,strong,e1_board5_words,Medium
E1,TrialList6,definition,assist,clarify,1,definition-assist,clarify,e1_board6_words,Hard
E1,TrialList6,definition,assist,dictionary,12,definition-assist,dictionary,e1_board6_words,Hard
E1,TrialList6,definition,assist,explain,3,definition-assist,explain,e1_board6_words,Hard
E1,TrialList6,definition,assist,help,5,definition-assist,help,e1_board6_words,Hard
E1,TrialList6,definition,assist,helpful,1,definition-assist,helpful,e1_board6_words,Hard
E1,TrialList6,definition,assist,instructor,1,definition-assist,instructor,e1_board6_words,Hard
E1,TrialList6,definition,assist,reference,1,definition-assist,reference,e1_board6_words,Hard
E1,TrialList6,definition,assist,rondo,1,definition-assist,rondo,e1_board6_words,Hard
E1,TrialList6,definition,assist,synonym,2,definition-assist,synonym,e1_board6_words,Hard
E1,TrialList6,definition,assist,teach,2,definition-assist,teach,e1_board6_words,Hard
E1,TrialList6,definition,assist,thesaurus,1,definition-assist,thesaurus,e1_board6_words,Hard
E1,TrialList6,definition,assist,vocabulary,1,definition-assist,vocabulary,e1_board6_words,Hard
E1,TrialList6,pants,collar,apparel,1,pants-collar,apparel,e1_board6_words,Easy
E1,TrialList6,pants,collar,attire,1,pants-collar,attire,e1_board6_words,Easy
E1,TrialList6,pants,collar,belt,1,pants-collar,belt,e1_board6_words,Easy
E1,TrialList6,pants,collar,cloth,2,pants-collar,cloth,e1_board6_words,Easy
E1,TrialList6,pants,collar,clothes,22,pants-collar,clothes,e1_board6_words,Easy
E1,TrialList6,pants,collar,shirt,2,pants-collar,shirt,e1_board6_words,Easy
E1,TrialList6,pants,collar,suit,2,pants-collar,suit,e1_board6_words,Easy
E1,TrialList6,war,quiet,apocalypse,1,war-quiet,apocalypse,e1_board6_words,Medium
E1,TrialList6,war,quiet,battle,1,war-quiet,battle,e1_board6_words,Medium
E1,TrialList6,war,quiet,battlefield,1,war-quiet,battlefield,e1_board6_words,Medium
E1,TrialList6,war,quiet,ceasefire,2,war-quiet,ceasefire,e1_board6_words,Medium
E1,TrialList6,war,quiet,death,1,war-quiet,death,e1_board6_words,Medium
E1,TrialList6,war,quiet,disagreement,1,war-quiet,disagreement,e1_board6_words,Medium
E1,TrialList6,war,quiet,drone,1,war-quiet,drone,e1_board6_words,Medium
E1,TrialList6,war,quiet,fight,3,war-quiet,fight,e1_board6_words,Medium
E1,TrialList6,war,quiet,loud,1,war-quiet,loud,e1_board6_words,Medium
E1,TrialList6,war,quiet,melancholy,1,war-quiet,melancholy,e1_board6_words,Medium
E1,TrialList6,war,quiet,negotiate,1,war-quiet,negotiate,e1_board6_words,Medium
E1,TrialList6,war,quiet,nerve-racking,1,war-quiet,nerve-racking,e1_board6_words,Medium
E1,TrialList6,war,quiet,noise,1,war-quiet,noise,e1_board6_words,Medium
E1,TrialList6,war,quiet,nuclear,1,war-quiet,nuclear,e1_board6_words,Medium
E1,TrialList6,war,quiet,peace,5,war-quiet,peace,e1_board6_words,Medium
E1,TrialList6,war,quiet,settlement,1,war-quiet,settlement,e1_board6_words,Medium
E1,TrialList6,war,quiet,silence,1,war-quiet,silence,e1_board6_words,Medium
E1,TrialList6,war,quiet,silent,2,war-quiet,silent,e1_board6_words,Medium
E1,TrialList6,war,quiet,spies,1,war-quiet,spies,e1_board6_words,Medium
E1,TrialList6,war,quiet,stealth,2,war-quiet,stealth,e1_board6_words,Medium
E1,TrialList6,war,quiet,veteran,1,war-quiet,veteran,e1_board6_words,Medium
E1,TrialList6,war,quiet,yell,1,war-quiet,yell,e1_board6_words,Medium
E1,TrialList7,flat,alike,affect,1,flat-alike,affect,e1_board7_words,Hard
E1,TrialList7,flat,alike,angle,1,flat-alike,angle,e1_board7_words,Hard
E1,TrialList7,flat,alike,bland,1,flat-alike,bland,e1_board7_words,Hard
E1,TrialList7,flat,alike,boring,1,flat-alike,boring,e1_board7_words,Hard
E1,TrialList7,flat,alike,comparison,1,flat-alike,comparison,e1_board7_words,Hard
E1,TrialList7,flat,alike,description,1,flat-alike,description,e1_board7_words,Hard
E1,TrialList7,flat,alike,desert,1,flat-alike,desert,e1_board7_words,Hard
E1,TrialList7,flat,alike,feet,1,flat-alike,feet,e1_board7_words,Hard
E1,TrialList7,flat,alike,geometric,1,flat-alike,geometric,e1_board7_words,Hard
E1,TrialList7,flat,alike,Kansas,1,flat-alike,Kansas,e1_board7_words,Hard
E1,TrialList7,flat,alike,pancake,2,flat-alike,pancake,e1_board7_words,Hard
E1,TrialList7,flat,alike,paper,2,flat-alike,paper,e1_board7_words,Hard
E1,TrialList7,flat,alike,plain,1,flat-alike,plain,e1_board7_words,Hard
E1,TrialList7,flat,alike,plateau,1,flat-alike,plateau,e1_board7_words,Hard
E1,TrialList7,flat,alike,same,2,flat-alike,same,e1_board7_words,Hard
E1,TrialList7,flat,alike,shoe,1,flat-alike,shoe,e1_board7_words,Hard
E1,TrialList7,flat,alike,sidewalk,1,flat-alike,sidewalk,e1_board7_words,Hard
E1,TrialList7,flat,alike,similar,5,flat-alike,similar,e1_board7_words,Hard
E1,TrialList7,flat,alike,smooth,1,flat-alike,smooth,e1_board7_words,Hard
E1,TrialList7,flat,alike,Stanley,1,flat-alike,Stanley,e1_board7_words,Hard
E1,TrialList7,flat,alike,tire,1,flat-alike,tire,e1_board7_words,Hard
E1,TrialList7,flat,alike,unchanging,1,flat-alike,unchanging,e1_board7_words,Hard
E1,TrialList7,flat,alike,uniform,1,flat-alike,uniform,e1_board7_words,Hard
E1,TrialList7,flat,alike,wall,1,flat-alike,wall,e1_board7_words,Hard
E1,TrialList7,heavy,feather,antonym,1,heavy-feather,antonym,e1_board7_words,Medium
E1,TrialList7,heavy,feather,eagle,1,heavy-feather,eagle,e1_board7_words,Medium
E1,TrialList7,heavy,feather,float,1,heavy-feather,float,e1_board7_words,Medium
E1,TrialList7,heavy,feather,heart,1,heavy-feather,heart,e1_board7_words,Medium
E1,TrialList7,heavy,feather,light,2,heavy-feather,light,e1_board7_words,Medium
E1,TrialList7,heavy,feather,lightweight,1,heavy-feather,lightweight,e1_board7_words,Medium
E1,TrialList7,heavy,feather,might,1,heavy-feather,might,e1_board7_words,Medium
E1,TrialList7,heavy,feather,opposite,4,heavy-feather,opposite,e1_board7_words,Medium
E1,TrialList7,heavy,feather,ostrich,1,heavy-feather,ostrich,e1_board7_words,Medium
E1,TrialList7,heavy,feather,oxymoron,1,heavy-feather,oxymoron,e1_board7_words,Medium
E1,TrialList7,heavy,feather,penguin,1,heavy-feather,penguin,e1_board7_words,Medium
E1,TrialList7,heavy,feather,pound,1,heavy-feather,pound,e1_board7_words,Medium
E1,TrialList7,heavy,feather,weight,14,heavy-feather,weight,e1_board7_words,Medium
E1,TrialList7,heavy,feather,weightless,1,heavy-feather,weightless,e1_board7_words,Medium
E1,TrialList7,perjury,adultery,cheat,1,perjury-adultery,cheat,e1_board7_words,Easy
E1,TrialList7,perjury,adultery,court,2,perjury-adultery,court,e1_board7_words,Easy
E1,TrialList7,perjury,adultery,courtroom,1,perjury-adultery,courtroom,e1_board7_words,Easy
E1,TrialList7,perjury,adultery,crime,12,perjury-adultery,crime,e1_board7_words,Easy
E1,TrialList7,perjury,adultery,illegal,1,perjury-adultery,illegal,e1_board7_words,Easy
E1,TrialList7,perjury,adultery,law,1,perjury-adultery,law,e1_board7_words,Easy
E1,TrialList7,perjury,adultery,lawsuit,1,perjury-adultery,lawsuit,e1_board7_words,Easy
E1,TrialList7,perjury,adultery,naughty,1,perjury-adultery,naughty,e1_board7_words,Easy
E1,TrialList7,perjury,adultery,sin,8,perjury-adultery,sin,e1_board7_words,Easy
E1,TrialList7,perjury,adultery,Trump,1,perjury-adultery,Trump,e1_board7_words,Easy
E1,TrialList7,perjury,adultery,wrong,1,perjury-adultery,wrong,e1_board7_words,Easy
E1,TrialList7,perjury,adultery,wrongdoing,1,perjury-adultery,wrongdoing,e1_board7_words,Easy
E1,TrialList8,bad,actress,attitude,1,bad-actress,attitude,e1_board8_words,Medium
E1,TrialList8,bad,actress,boo,3,bad-actress,boo,e1_board8_words,Medium
E1,TrialList8,bad,actress,c{-}list,1,bad-actress,c{-}list,e1_board8_words,Medium
E1,TrialList8,bad,actress,cringeworthy,1,bad-actress,cringe,e1_board8_words,Medium
E1,TrialList8,bad,actress,critic,2,bad-actress,critic,e1_board8_words,Medium
E1,TrialList8,bad,actress,drama,1,bad-actress,drama,e1_board8_words,Medium
E1,TrialList8,bad,actress,failure,1,bad-actress,failure,e1_board8_words,Medium
E1,TrialList8,bad,actress,fake,1,bad-actress,fake,e1_board8_words,Medium
E1,TrialList8,bad,actress,film,1,bad-actress,film,e1_board8_words,Medium
E1,TrialList8,bad,actress,imitator,1,bad-actress,imitate,e1_board8_words,Medium
E1,TrialList8,bad,actress,monologue,1,bad-actress,monologue,e1_board8_words,Medium
E1,TrialList8,bad,actress,movie,6,bad-actress,movie,e1_board8_words,Medium
E1,TrialList8,bad,actress,music,1,bad-actress,music,e1_board8_words,Medium
E1,TrialList8,bad,actress,nepotism,1,bad-actress,nepotism,e1_board8_words,Medium
E1,TrialList8,bad,actress,Riverdale,1,bad-actress,Riverdale,e1_board8_words,Medium
E1,TrialList8,bad,actress,rot,1,bad-actress,rot,e1_board8_words,Medium
E1,TrialList8,bad,actress,rotten tomatoes,2,bad-actress,rotten,e1_board8_words,Medium
E1,TrialList8,bad,actress,soap opera,1,bad-actress,soap opera,e1_board8_words,Medium
E1,TrialList8,bad,actress,television,1,bad-actress,television,e1_board8_words,Medium
E1,TrialList8,bad,actress,terrible,1,bad-actress,terrible,e1_board8_words,Medium
E1,TrialList8,bad,actress,Vanessa Hudgens,1,bad-actress,Vanessa Hudgens,e1_board8_words,Medium
E1,TrialList8,bad,actress,villain,1,bad-actress,villain,e1_board8_words,Medium
E1,TrialList8,breeze,bubble,air,5,breeze-bubble,air,e1_board8_words,Easy
E1,TrialList8,breeze,bubble,bath,1,breeze-bubble,bath,e1_board8_words,Easy
E1,TrialList8,breeze,bubble,beach,1,breeze-bubble,beach,e1_board8_words,Easy
E1,TrialList8,breeze,bubble,blow,7,breeze-bubble,blow,e1_board8_words,Easy
E1,TrialList8,breeze,bubble,effect,1,breeze-bubble,effect,e1_board8_words,Easy
E1,TrialList8,breeze,bubble,float,3,breeze-bubble,float,e1_board8_words,Easy
E1,TrialList8,breeze,bubble,gentle,1,breeze-bubble,gentle,e1_board8_words,Easy
E1,TrialList8,breeze,bubble,light,2,breeze-bubble,light,e1_board8_words,Easy
E1,TrialList8,breeze,bubble,ocean,1,breeze-bubble,ocean,e1_board8_words,Easy
E1,TrialList8,breeze,bubble,outside,1,breeze-bubble,outside,e1_board8_words,Easy
E1,TrialList8,breeze,bubble,relax,1,breeze-bubble,relax,e1_board8_words,Easy
E1,TrialList8,breeze,bubble,sea,1,breeze-bubble,sea,e1_board8_words,Easy
E1,TrialList8,breeze,bubble,soap,2,breeze-bubble,soap,e1_board8_words,Easy
E1,TrialList8,breeze,bubble,spring,1,breeze-bubble,spring,e1_board8_words,Easy
E1,TrialList8,breeze,bubble,wind,3,breeze-bubble,wind,e1_board8_words,Easy
E1,TrialList8,communicate,cooking,bake,2,communicate-cooking,bake,e1_board8_words,Hard
E1,TrialList8,communicate,cooking,book,1,communicate-cooking,book,e1_board8_words,Hard
E1,TrialList8,communicate,cooking,chef,2,communicate-cooking,chef,e1_board8_words,Hard
E1,TrialList8,communicate,cooking,competition,1,communicate-cooking,competition,e1_board8_words,Hard
E1,TrialList8,communicate,cooking,cultural,1,communicate-cooking,cultural,e1_board8_words,Hard
E1,TrialList8,communicate,cooking,culture,1,communicate-cooking,culture,e1_board8_words,Hard
E1,TrialList8,communicate,cooking,food,1,communicate-cooking,food,e1_board8_words,Hard
E1,TrialList8,communicate,cooking,kitchen,3,communicate-cooking,kitchen,e1_board8_words,Hard
E1,TrialList8,communicate,cooking,list,1,communicate-cooking,list,e1_board8_words,Hard
E1,TrialList8,communicate,cooking,mother,1,communicate-cooking,mother,e1_board8_words,Hard
E1,TrialList8,communicate,cooking,partner,1,communicate-cooking,partner,e1_board8_words,Hard
E1,TrialList8,communicate,cooking,practice,1,communicate-cooking,practice,e1_board8_words,Hard
E1,TrialList8,communicate,cooking,Ramsey,1,communicate-cooking,Ramsey,e1_board8_words,Hard
E1,TrialList8,communicate,cooking,recipe,9,communicate-cooking,recipe,e1_board8_words,Hard
E1,TrialList8,communicate,cooking,show,2,communicate-cooking,show,e1_board8_words,Hard
E1,TrialList8,communicate,cooking,talk,1,communicate-cooking,talk,e1_board8_words,Hard
E1,TrialList8,communicate,cooking,tell,1,communicate-cooking,tell,e1_board8_words,Hard
E1,TrialList8,communicate,cooking,video,1,communicate-cooking,video,e1_board8_words,Hard
E1,TrialList9,bat,bounce,ball,10,bat-bounce,ball,e1_board9_words,Easy
E1,TrialList9,bat,bounce,baseball,14,bat-bounce,baseball,e1_board9_words,Easy
E1,TrialList9,bat,bounce,echolocation,1,bat-bounce,echolocation,e1_board9_words,Easy
E1,TrialList9,bat,bounce,fly,2,bat-bounce,fly,e1_board9_words,Easy
E1,TrialList9,bat,bounce,groundball,1,bat-bounce,groundball,e1_board9_words,Easy
E1,TrialList9,bat,bounce,hero,1,bat-bounce,hero,e1_board9_words,Easy
E1,TrialList9,bat,bounce,move,1,bat-bounce,move,e1_board9_words,Easy
E1,TrialList9,bat,bounce,sport,1,bat-bounce,sport,e1_board9_words,Easy
E1,TrialList9,lunch,almond,allergy,1,lunch-almond,allergy,e1_board9_words,Medium
E1,TrialList9,lunch,almond,food,14,lunch-almond,food,e1_board9_words,Medium
E1,TrialList9,lunch,almond,health,3,lunch-almond,health,e1_board9_words,Medium
E1,TrialList9,lunch,almond,milk,1,lunch-almond,milk,e1_board9_words,Medium
E1,TrialList9,lunch,almond,nut,2,lunch-almond,nut,e1_board9_words,Medium
E1,TrialList9,lunch,almond,nutrition,1,lunch-almond,nutrition,e1_board9_words,Medium
E1,TrialList9,lunch,almond,peanut,1,lunch-almond,peanut,e1_board9_words,Medium
E1,TrialList9,lunch,almond,sandwich,1,lunch-almond,sandwich,e1_board9_words,Medium
E1,TrialList9,lunch,almond,snack,7,lunch-almond,snack,e1_board9_words,Medium
E1,TrialList9,toes,Dracula,blood,5,toes-Dracula,blood,e1_board9_words,Hard
E1,TrialList9,toes,Dracula,body,2,toes-Dracula,body,e1_board9_words,Hard
E1,TrialList9,toes,Dracula,claw,2,toes-Dracula,claw,e1_board9_words,Hard
E1,TrialList9,toes,Dracula,count,3,toes-Dracula,count,e1_board9_words,Hard
E1,TrialList9,toes,Dracula,creepy,1,toes-Dracula,creepy,e1_board9_words,Hard
E1,TrialList9,toes,Dracula,fetish,1,toes-Dracula,fetish,e1_board9_words,Hard
E1,TrialList9,toes,Dracula,freak,1,toes-Dracula,freak,e1_board9_words,Hard
E1,TrialList9,toes,Dracula,ground,1,toes-Dracula,ground,e1_board9_words,Hard
E1,TrialList9,toes,Dracula,human,2,toes-Dracula,human,e1_board9_words,Hard
E1,TrialList9,toes,Dracula,person,1,toes-Dracula,person,e1_board9_words,Hard
E1,TrialList9,toes,Dracula,scary,1,toes-Dracula,scary,e1_board9_words,Hard
E1,TrialList9,toes,Dracula,stub,1,toes-Dracula,stub,e1_board9_words,Hard
E1,TrialList9,toes,Dracula,suck,2,toes-Dracula,suck,e1_board9_words,Hard
E1,TrialList9,toes,Dracula,teeth,1,toes-Dracula,teeth,e1_board9_words,Hard
E1,TrialList9,toes,Dracula,twilight,1,toes-Dracula,twilight,e1_board9_words,Hard
E1,TrialList9,toes,Dracula,ugly,1,toes-Dracula,ugly,e1_board9_words,Hard
E1,TrialList9,toes,Dracula,vampire,4,toes-Dracula,vampire,e1_board9_words,Hard
E1,TrialList9,toes,Dracula,vein,1,toes-Dracula,vein,e1_board9_words,Hard
E2,TrialList1,cave,knight,adventure,2,cave-knight,adventure,e2_board1_words,Hard
E2,TrialList1,cave,knight,Batman,1,cave-knight,Batman,e2_board1_words,Hard
E2,TrialList1,cave,knight,castle,1,cave-knight,castle,e2_board1_words,Hard
E2,TrialList1,cave,knight,dark,8,cave-knight,dark,e2_board1_words,Hard
E2,TrialList1,cave,knight,darkness,2,cave-knight,darkness,e2_board1_words,Hard
E2,TrialList1,cave,knight,dragon,8,cave-knight,dragon,e2_board1_words,Hard
E2,TrialList1,cave,knight,dungeon,4,cave-knight,dungeon,e2_board1_words,Hard
E2,TrialList1,cave,knight,hide,1,cave-knight,hide,e2_board1_words,Hard
E2,TrialList1,cave,knight,kingdom,1,cave-knight,kingdom,e2_board1_words,Hard
E2,TrialList1,cave,knight,medieval,7,cave-knight,medieval,e2_board1_words,Hard
E2,TrialList1,cave,knight,monster,1,cave-knight,monster,e2_board1_words,Hard
E2,TrialList1,cave,knight,opposite,1,cave-knight,opposite,e2_board1_words,Hard
E2,TrialList1,cave,knight,protection,1,cave-knight,protection,e2_board1_words,Hard
E2,TrialList1,cave,knight,quest,1,cave-knight,quest,e2_board1_words,Hard
E2,TrialList1,cave,knight,soldier,1,cave-knight,soldier,e2_board1_words,Hard
E2,TrialList1,cave,knight,valor,1,cave-knight,valor,e2_board1_words,Hard
E2,TrialList1,cave,knight,warrior,2,cave-knight,warrior,e2_board1_words,Hard
E2,TrialList1,cave,knight,warrior{space}tunnel,1,cave-knight,warrior,e2_board1_words,Hard
E2,TrialList1,quick,glow,comet,1,quick-glow,comet,e2_board1_words,Medium
E2,TrialList1,quick,glow,explosion,1,quick-glow,explosion,e2_board1_words,Medium
E2,TrialList1,quick,glow,fire,1,quick-glow,fire,e2_board1_words,Medium
E2,TrialList1,quick,glow,firefly,11,quick-glow,firefly,e2_board1_words,Medium
E2,TrialList1,quick,glow,firework,1,quick-glow,firework,e2_board1_words,Medium
E2,TrialList1,quick,glow,flare,1,quick-glow,flare,e2_board1_words,Medium
E2,TrialList1,quick,glow,flash,7,quick-glow,flash,e2_board1_words,Medium
E2,TrialList1,quick,glow,flashlight,2,quick-glow,flashlight,e2_board1_words,Medium
E2,TrialList1,quick,glow,flicker,1,quick-glow,flicker,e2_board1_words,Medium
E2,TrialList1,quick,glow,laser,1,quick-glow,laser,e2_board1_words,Medium
E2,TrialList1,quick,glow,light,6,quick-glow,light,e2_board1_words,Medium
E2,TrialList1,quick,glow,lightening,1,quick-glow,lightening,e2_board1_words,Medium
E2,TrialList1,quick,glow,lightning,2,quick-glow,lightning,e2_board1_words,Medium
E2,TrialList1,quick,glow,match,1,quick-glow,match,e2_board1_words,Medium
E2,TrialList1,quick,glow,neon,1,quick-glow,neon,e2_board1_words,Medium
E2,TrialList1,quick,glow,shine,1,quick-glow,shine,e2_board1_words,Medium
E2,TrialList1,quick,glow,shine{space}fast,1,quick-glow,shine,e2_board1_words,Medium
E2,TrialList1,quick,glow,silver,1,quick-glow,silver,e2_board1_words,Medium
E2,TrialList1,quick,glow,spark,3,quick-glow,spark,e2_board1_words,Medium
E2,TrialList1,tree,oak,acorn,3,tree-oak,acorn,e2_board1_words,Easy
E2,TrialList1,tree,oak,arbor,4,tree-oak,arbor,e2_board1_words,Easy
E2,TrialList1,tree,oak,bark,1,tree-oak,bark,e2_board1_words,Easy
E2,TrialList1,tree,oak,branch,1,tree-oak,branch,e2_board1_words,Easy
E2,TrialList1,tree,oak,climb,1,tree-oak,climb,e2_board1_words,Easy
E2,TrialList1,tree,oak,deciduous,1,tree-oak,deciduous,e2_board1_words,Easy
E2,TrialList1,tree,oak,foliage,2,tree-oak,foliage,e2_board1_words,Easy
E2,TrialList1,tree,oak,forest,4,tree-oak,forest,e2_board1_words,Easy
E2,TrialList1,tree,oak,green,2,tree-oak,green,e2_board1_words,Easy
E2,TrialList1,tree,oak,leaf,4,tree-oak,leaf,e2_board1_words,Easy
E2,TrialList1,tree,oak,maple,1,tree-oak,maple,e2_board1_words,Easy
E2,TrialList1,tree,oak,nature,2,tree-oak,nature,e2_board1_words,Easy
E2,TrialList1,tree,oak,photosynthesis,1,tree-oak,photosynthesis,e2_board1_words,Easy
E2,TrialList1,tree,oak,plant,4,tree-oak,plant,e2_board1_words,Easy
E2,TrialList1,tree,oak,Quercus,1,tree-oak,Quercus,e2_board1_words,Easy
E2,TrialList1,tree,oak,root,1,tree-oak,root,e2_board1_words,Easy
E2,TrialList1,tree,oak,squirrel,2,tree-oak,squirrel,e2_board1_words,Easy
E2,TrialList1,tree,oak,sturdy,1,tree-oak,sturdy,e2_board1_words,Easy
E2,TrialList1,tree,oak,sycamore,1,tree-oak,sycamore,e2_board1_words,Easy
E2,TrialList1,tree,oak,tree,1,tree-oak,tree,e2_board1_words,Easy
E2,TrialList1,tree,oak,wood,5,tree-oak,wood,e2_board1_words,Easy
E2,TrialList1,tree,oak,wood{space}plant,1,tree-oak,wood,e2_board1_words,Easy
E2,TrialList10,chair,table,desk,3,chair-table,desk,e2_board10_words,Easy
E2,TrialList10,chair,table,dine,8,chair-table,dine,e2_board10_words,Easy
E2,TrialList10,chair,table,dining,1,chair-table,dining,e2_board10_words,Easy
E2,TrialList10,chair,table,dining room,1,chair-table,dining room,e2_board10_words,Easy
E2,TrialList10,chair,table,dinner,6,chair-table,dinner,e2_board10_words,Easy
E2,TrialList10,chair,table,furniture,16,chair-table,furniture,e2_board10_words,Easy
E2,TrialList10,chair,table,household,1,chair-table,household,e2_board10_words,Easy
E2,TrialList10,chair,table,kitchen,2,chair-table,kitchen,e2_board10_words,Easy
E2,TrialList10,chair,table,mealtime,1,chair-table,meal,e2_board10_words,Easy
E2,TrialList10,chair,table,seat,4,chair-table,seat,e2_board10_words,Easy
E2,TrialList10,chair,table,sit,1,chair-table,sit,e2_board10_words,Easy
E2,TrialList10,feet,chapel,aisle,1,feet-chapel,aisle,e2_board10_words,Medium
E2,TrialList10,feet,chapel,baptism,2,feet-chapel,baptism,e2_board10_words,Medium
E2,TrialList10,feet,chapel,bare,2,feet-chapel,bare,e2_board10_words,Medium
E2,TrialList10,feet,chapel,Catholicism,1,feet-chapel,catholic,e2_board10_words,Medium
E2,TrialList10,feet,chapel,church,2,feet-chapel,church,e2_board10_words,Medium
E2,TrialList10,feet,chapel,churchgoer,1,feet-chapel,church,e2_board10_words,Medium
E2,TrialList10,feet,chapel,churchyard,1,feet-chapel,church,e2_board10_words,Medium
E2,TrialList10,feet,chapel,cleanse,1,feet-chapel,cleanse,e2_board10_words,Medium
E2,TrialList10,feet,chapel,David,1,feet-chapel,David,e2_board10_words,Medium
E2,TrialList10,feet,chapel,foot,1,feet-chapel,foot,e2_board10_words,Medium
E2,TrialList10,feet,chapel,god,1,feet-chapel,God,e2_board10_words,Medium
E2,TrialList10,feet,chapel,ground,1,feet-chapel,ground,e2_board10_words,Medium
E2,TrialList10,feet,chapel,holy,2,feet-chapel,holy,e2_board10_words,Medium
E2,TrialList10,feet,chapel,Jesus,3,feet-chapel,Jesus,e2_board10_words,Medium
E2,TrialList10,feet,chapel,kneel,3,feet-chapel,kneel,e2_board10_words,Medium
E2,TrialList10,feet,chapel,marble,1,feet-chapel,marble,e2_board10_words,Medium
E2,TrialList10,feet,chapel,miracle,1,feet-chapel,miracle,e2_board10_words,Medium
E2,TrialList10,feet,chapel,mosque,1,feet-chapel,mosque,e2_board10_words,Medium
E2,TrialList10,feet,chapel,penny loafers,1,feet-chapel,penny loafers,e2_board10_words,Medium
E2,TrialList10,feet,chapel,pilgrimage,2,feet-chapel,pilgrimage,e2_board10_words,Medium
E2,TrialList10,feet,chapel,pope,1,feet-chapel,pope,e2_board10_words,Medium
E2,TrialList10,feet,chapel,prayer,2,feet-chapel,prayer,e2_board10_words,Medium
E2,TrialList10,feet,chapel,religious,1,feet-chapel,religious,e2_board10_words,Medium
E2,TrialList10,feet,chapel,sandals,1,feet-chapel,sandals,e2_board10_words,Medium
E2,TrialList10,feet,chapel,shoe,1,feet-chapel,shoe,e2_board10_words,Medium
E2,TrialList10,feet,chapel,stand,1,feet-chapel,stand,e2_board10_words,Medium
E2,TrialList10,feet,chapel,walk,1,feet-chapel,walk,e2_board10_words,Medium
E2,TrialList10,feet,chapel,waltz,1,feet-chapel,waltz,e2_board10_words,Medium
E2,TrialList10,feet,chapel,wash,3,feet-chapel,wash,e2_board10_words,Medium
E2,TrialList10,feet,chapel,worship,3,feet-chapel,worship,e2_board10_words,Medium
E2,TrialList10,garage,bone,back,1,garage-bone,back,e2_board10_words,Hard
E2,TrialList10,garage,bone,barbecue,1,garage-bone,barbecue,e2_board10_words,Hard
E2,TrialList10,garage,bone,build,1,garage-bone,build,e2_board10_words,Hard
E2,TrialList10,garage,bone,car,2,garage-bone,car,e2_board10_words,Hard
E2,TrialList10,garage,bone,dog,10,garage-bone,dog,e2_board10_words,Hard
E2,TrialList10,garage,bone,doghouse,5,garage-bone,dog,e2_board10_words,Hard
E2,TrialList10,garage,bone,door,1,garage-bone,door,e2_board10_words,Hard
E2,TrialList10,garage,bone,drum,1,garage-bone,drum,e2_board10_words,Hard
E2,TrialList10,garage,bone,epidermis,1,garage-bone,epidermis,e2_board10_words,Hard
E2,TrialList10,garage,bone,fill,1,garage-bone,fill,e2_board10_words,Hard
E2,TrialList10,garage,bone,kennel,1,garage-bone,kennel,e2_board10_words,Hard
E2,TrialList10,garage,bone,milk,1,garage-bone,milk,e2_board10_words,Hard
E2,TrialList10,garage,bone,motorcycle,2,garage-bone,motorcycle,e2_board10_words,Hard
E2,TrialList10,garage,bone,remains,1,garage-bone,remains,e2_board10_words,Hard
E2,TrialList10,garage,bone,saw,1,garage-bone,saw,e2_board10_words,Hard
E2,TrialList10,garage,bone,skeleton,2,garage-bone,skeleton,e2_board10_words,Hard
E2,TrialList10,garage,bone,snoopy,1,garage-bone,snoopy,e2_board10_words,Hard
E2,TrialList10,garage,bone,spooky,1,garage-bone,spooky,e2_board10_words,Hard
E2,TrialList10,garage,bone,storage,5,garage-bone,storage,e2_board10_words,Hard
E2,TrialList10,garage,bone,structure,1,garage-bone,structure,e2_board10_words,Hard
E2,TrialList10,garage,bone,tool,1,garage-bone,tool,e2_board10_words,Hard
E2,TrialList10,garage,bone,trash,2,garage-bone,trash,e2_board10_words,Hard
E2,TrialList10,garage,bone,underground,1,garage-bone,underground,e2_board10_words,Hard
E2,TrialList2,gold,silver,bronze,3,gold-silver,bronze,e2_board2_words,Easy
E2,TrialList2,gold,silver,coin,1,gold-silver,coin,e2_board2_words,Easy
E2,TrialList2,gold,silver,commodity,1,gold-silver,commodity,e2_board2_words,Easy
E2,TrialList2,gold,silver,currency,1,gold-silver,currency,e2_board2_words,Easy
E2,TrialList2,gold,silver,element,6,gold-silver,element,e2_board2_words,Easy
E2,TrialList2,gold,silver,grey{space}24k,1,gold-silver,grey,e2_board2_words,Easy
E2,TrialList2,gold,silver,jewelry,2,gold-silver,jewelry,e2_board2_words,Easy
E2,TrialList2,gold,silver,luxury,1,gold-silver,luxury,e2_board2_words,Easy
E2,TrialList2,gold,silver,medal,2,gold-silver,medal,e2_board2_words,Easy
E2,TrialList2,gold,silver,metal,20,gold-silver,metal,e2_board2_words,Easy
E2,TrialList2,gold,silver,money,1,gold-silver,money,e2_board2_words,Easy
E2,TrialList2,gold,silver,precious,3,gold-silver,precious,e2_board2_words,Easy
E2,TrialList2,gold,silver,treasure,1,gold-silver,treasure,e2_board2_words,Easy
E2,TrialList2,gold,silver,valuable,1,gold-silver,valuable,e2_board2_words,Easy
E2,TrialList2,stern,wind,air,2,stern-wind,air,e2_board2_words,Hard
E2,TrialList2,stern,wind,blow,1,stern-wind,blow,e2_board2_words,Hard
E2,TrialList2,stern,wind,boat,5,stern-wind,boat,e2_board2_words,Hard
E2,TrialList2,stern,wind,brisk,1,stern-wind,brisk,e2_board2_words,Hard
E2,TrialList2,stern,wind,cold,2,stern-wind,cold,e2_board2_words,Hard
E2,TrialList2,stern,wind,fierce,1,stern-wind,fierce,e2_board2_words,Hard
E2,TrialList2,stern,wind,force,1,stern-wind,force,e2_board2_words,Hard
E2,TrialList2,stern,wind,galeforce,1,stern-wind,gale,e2_board2_words,Hard
E2,TrialList2,stern,wind,harsh,4,stern-wind,harsh,e2_board2_words,Hard
E2,TrialList2,stern,wind,horn,1,stern-wind,horn,e2_board2_words,Hard
E2,TrialList2,stern,wind,hurricane,2,stern-wind,hurricane,e2_board2_words,Hard
E2,TrialList2,stern,wind,sail,6,stern-wind,sail,e2_board2_words,Hard
E2,TrialList2,stern,wind,sailboat,3,stern-wind,sailboat,e2_board2_words,Hard
E2,TrialList2,stern,wind,ship,5,stern-wind,ship,e2_board2_words,Hard
E2,TrialList2,stern,wind,strong,2,stern-wind,strong,e2_board2_words,Hard
E2,TrialList2,stern,wind,tornado,2,stern-wind,tornado,e2_board2_words,Hard
E2,TrialList2,stern,wind,tough,1,stern-wind,tough,e2_board2_words,Hard
E2,TrialList2,stern,wind,weather,1,stern-wind,weather,e2_board2_words,Hard
E2,TrialList2,stern,wind,whip,2,stern-wind,whip,e2_board2_words,Hard
E2,TrialList2,stern,wind,wind,1,stern-wind,wind,e2_board2_words,Hard
E2,TrialList2,sun,bowl,autoclave,1,sun-bowl,autoclave,e2_board2_words,Medium
E2,TrialList2,sun,bowl,breakfast,4,sun-bowl,breakfast,e2_board2_words,Medium
E2,TrialList2,sun,bowl,cereal,1,sun-bowl,cereal,e2_board2_words,Medium
E2,TrialList2,sun,bowl,chip,1,sun-bowl,chip,e2_board2_words,Medium
E2,TrialList2,sun,bowl,circle,4,sun-bowl,circle,e2_board2_words,Medium
E2,TrialList2,sun,bowl,contain,1,sun-bowl,contain,e2_board2_words,Medium
E2,TrialList2,sun,bowl,curvature,1,sun-bowl,curve,e2_board2_words,Medium
E2,TrialList2,sun,bowl,football,1,sun-bowl,football,e2_board2_words,Medium
E2,TrialList2,sun,bowl,heat,1,sun-bowl,heat,e2_board2_words,Medium
E2,TrialList2,sun,bowl,i_dont_tihnk_t,1,sun-bowl,i_dont_tihnk_t,e2_board2_words,Medium
E2,TrialList2,sun,bowl,ice cream,1,sun-bowl,ice cream,e2_board2_words,Medium
E2,TrialList2,sun,bowl,picnic,2,sun-bowl,picnic,e2_board2_words,Medium
E2,TrialList2,sun,bowl,plate,1,sun-bowl,plate,e2_board2_words,Medium
E2,TrialList2,sun,bowl,plate{space}hot,1,sun-bowl,plate,e2_board2_words,Medium
E2,TrialList2,sun,bowl,raisin,1,sun-bowl,raisin,e2_board2_words,Medium
E2,TrialList2,sun,bowl,raisin bran,1,sun-bowl,raisin,e2_board2_words,Medium
E2,TrialList2,sun,bowl,round,15,sun-bowl,round,e2_board2_words,Medium
E2,TrialList2,sun,bowl,set,1,sun-bowl,set,e2_board2_words,Medium
E2,TrialList2,sun,bowl,sphere,4,sun-bowl,sphere,e2_board2_words,Medium
E2,TrialList2,sun,bowl,sundae,1,sun-bowl,sundae,e2_board2_words,Medium
E2,TrialList3,holy,kind,angel,2,holy-kind,angel,e2_board3_words,Medium
E2,TrialList3,holy,kind,charity,1,holy-kind,charity,e2_board3_words,Medium
E2,TrialList3,holy,kind,Christ,1,holy-kind,Christ,e2_board3_words,Medium
E2,TrialList3,holy,kind,Christian,4,holy-kind,Christian,e2_board3_words,Medium
E2,TrialList3,holy,kind,church,3,holy-kind,church,e2_board3_words,Medium
E2,TrialList3,holy,kind,commandment,1,holy-kind,commandment,e2_board3_words,Medium
E2,TrialList3,holy,kind,commandments,1,holy-kind,commandments,e2_board3_words,Medium
E2,TrialList3,holy,kind,diet,1,holy-kind,diet,e2_board3_words,Medium
E2,TrialList3,holy,kind,emotion,1,holy-kind,emotion,e2_board3_words,Medium
E2,TrialList3,holy,kind,generous,1,holy-kind,generous,e2_board3_words,Medium
E2,TrialList3,holy,kind,good,1,holy-kind,good,e2_board3_words,Medium
E2,TrialList3,holy,kind,Jesus,6,holy-kind,Jesus,e2_board3_words,Medium
E2,TrialList3,holy,kind,lesson,1,holy-kind,lesson,e2_board3_words,Medium
E2,TrialList3,holy,kind,moral,1,holy-kind,moral,e2_board3_words,Medium
E2,TrialList3,holy,kind,nice,1,holy-kind,nice,e2_board3_words,Medium
E2,TrialList3,holy,kind,nun,3,holy-kind,nun,e2_board3_words,Medium
E2,TrialList3,holy,kind,preacher,1,holy-kind,preacher,e2_board3_words,Medium
E2,TrialList3,holy,kind,priest,4,holy-kind,priest,e2_board3_words,Medium
E2,TrialList3,holy,kind,religion,1,holy-kind,religion,e2_board3_words,Medium
E2,TrialList3,holy,kind,religious,2,holy-kind,religious,e2_board3_words,Medium
E2,TrialList3,holy,kind,righteous,2,holy-kind,righteous,e2_board3_words,Medium
E2,TrialList3,holy,kind,saint,4,holy-kind,saint,e2_board3_words,Medium
E2,TrialList3,holy,kind,virtue,1,holy-kind,virtue,e2_board3_words,Medium
E2,TrialList3,rude,regret,anger,2,rude-regret,anger,e2_board3_words,Hard
E2,TrialList3,rude,regret,angry,2,rude-regret,angry,e2_board3_words,Hard
E2,TrialList3,rude,regret,argument,3,rude-regret,argument,e2_board3_words,Hard
E2,TrialList3,rude,regret,asshole,1,rude-regret,asshole,e2_board3_words,Hard
E2,TrialList3,rude,regret,attitude,1,rude-regret,attitude,e2_board3_words,Hard
E2,TrialList3,rude,regret,bad,1,rude-regret,bad,e2_board3_words,Hard
E2,TrialList3,rude,regret,bully,1,rude-regret,bully,e2_board3_words,Hard
E2,TrialList3,rude,regret,consequence,1,rude-regret,consequence,e2_board3_words,Hard
E2,TrialList3,rude,regret,fight,3,rude-regret,fight,e2_board3_words,Hard
E2,TrialList3,rude,regret,guilt,1,rude-regret,guilt,e2_board3_words,Hard
E2,TrialList3,rude,regret,hindsight,1,rude-regret,hindsight,e2_board3_words,Hard
E2,TrialList3,rude,regret,impression,1,rude-regret,impression,e2_board3_words,Hard
E2,TrialList3,rude,regret,insult,1,rude-regret,insult,e2_board3_words,Hard
E2,TrialList3,rude,regret,mean,6,rude-regret,mean,e2_board3_words,Hard
E2,TrialList3,rude,regret,misbehave,1,rude-regret,misbehave,e2_board3_words,Hard
E2,TrialList3,rude,regret,mistake,2,rude-regret,mistake,e2_board3_words,Hard
E2,TrialList3,rude,regret,negative,5,rude-regret,negative,e2_board3_words,Hard
E2,TrialList3,rude,regret,re,1,rude-regret,re,e2_board3_words,Hard
E2,TrialList3,rude,regret,remorse,1,rude-regret,remorse,e2_board3_words,Hard
E2,TrialList3,rude,regret,road rage,1,rude-regret,road,e2_board3_words,Hard
E2,TrialList3,rude,regret,shame,2,rude-regret,shame,e2_board3_words,Hard
E2,TrialList3,rude,regret,sin,1,rude-regret,sin,e2_board3_words,Hard
E2,TrialList3,rude,regret,sorry,2,rude-regret,sorry,e2_board3_words,Hard
E2,TrialList3,rude,regret,tantrum,1,rude-regret,tantrum,e2_board3_words,Hard
E2,TrialList3,rude,regret,upset,2,rude-regret,upset,e2_board3_words,Hard
E2,TrialList3,teeth,gums,brush,1,teeth-gums,brush,e2_board3_words,Easy
E2,TrialList3,teeth,gums,cavity,1,teeth-gums,cavity,e2_board3_words,Easy
E2,TrialList3,teeth,gums,dental,3,teeth-gums,dental,e2_board3_words,Easy
E2,TrialList3,teeth,gums,dentist,7,teeth-gums,dentist,e2_board3_words,Easy
E2,TrialList3,teeth,gums,dentistry,1,teeth-gums,dentist,e2_board3_words,Easy
E2,TrialList3,teeth,gums,floss,4,teeth-gums,floss,e2_board3_words,Easy
E2,TrialList3,teeth,gums,gingivitis,2,teeth-gums,gingivitis,e2_board3_words,Easy
E2,TrialList3,teeth,gums,mouth,23,teeth-gums,mouth,e2_board3_words,Easy
E2,TrialList3,teeth,gums,oral,1,teeth-gums,oral,e2_board3_words,Easy
E2,TrialList3,teeth,gums,u,1,teeth-gums,u,e2_board3_words,Easy
E2,TrialList4,dream,bet,bed,1,dream-bet,bed,e2_board4_words,Medium
E2,TrialList4,dream,bet,belief,1,dream-bet,belief,e2_board4_words,Medium
E2,TrialList4,dream,bet,chance,2,dream-bet,chance,e2_board4_words,Medium
E2,TrialList4,dream,bet,dopamine,1,dream-bet,dopamine,e2_board4_words,Medium
E2,TrialList4,dream,bet,future,2,dream-bet,future,e2_board4_words,Medium
E2,TrialList4,dream,bet,gamble,7,dream-bet,gamble,e2_board4_words,Medium
E2,TrialList4,dream,bet,goal,5,dream-bet,goal,e2_board4_words,Medium
E2,TrialList4,dream,bet,hope,1,dream-bet,hope,e2_board4_words,Medium
E2,TrialList4,dream,bet,imagine,1,dream-bet,imagine,e2_board4_words,Medium
E2,TrialList4,dream,bet,lottery,4,dream-bet,lottery,e2_board4_words,Medium
E2,TrialList4,dream,bet,luck,1,dream-bet,luck,e2_board4_words,Medium
E2,TrialList4,dream,bet,millionaire,1,dream-bet,millionaire,e2_board4_words,Medium
E2,TrialList4,dream,bet,money,1,dream-bet,money,e2_board4_words,Medium
E2,TrialList4,dream,bet,nightmare,2,dream-bet,nightmare,e2_board4_words,Medium
E2,TrialList4,dream,bet,predict,1,dream-bet,predict,e2_board4_words,Medium
E2,TrialList4,dream,bet,rich,1,dream-bet,rich,e2_board4_words,Medium
E2,TrialList4,dream,bet,risk,2,dream-bet,risk,e2_board4_words,Medium
E2,TrialList4,dream,bet,stake,1,dream-bet,stake,e2_board4_words,Medium
E2,TrialList4,dream,bet,uncertain,2,dream-bet,uncertain,e2_board4_words,Medium
E2,TrialList4,dream,bet,Vegas,1,dream-bet,Las Vegas,e2_board4_words,Medium
E2,TrialList4,dream,bet,win,1,dream-bet,win,e2_board4_words,Medium
E2,TrialList4,dream,bet,wish,3,dream-bet,wish,e2_board4_words,Medium
E2,TrialList4,dream,bet,wishful,2,dream-bet,wishful,e2_board4_words,Medium
E2,TrialList4,jump,leap,air,1,jump-leap,air,e2_board4_words,Easy
E2,TrialList4,jump,leap,bounce,4,jump-leap,bounce,e2_board4_words,Easy
E2,TrialList4,jump,leap,cliff,2,jump-leap,cliff,e2_board4_words,Easy
E2,TrialList4,jump,leap,elevate,1,jump-leap,elevate,e2_board4_words,Easy
E2,TrialList4,jump,leap,faith,1,jump-leap,faith,e2_board4_words,Easy
E2,TrialList4,jump,leap,frog,7,jump-leap,frog,e2_board4_words,Easy
E2,TrialList4,jump,leap,height,3,jump-leap,height,e2_board4_words,Easy
E2,TrialList4,jump,leap,high,1,jump-leap,high,e2_board4_words,Easy
E2,TrialList4,jump,leap,hop,15,jump-leap,hop,e2_board4_words,Easy
E2,TrialList4,jump,leap,lift,1,jump-leap,lift,e2_board4_words,Easy
E2,TrialList4,jump,leap,motion,1,jump-leap,motion,e2_board4_words,Easy
E2,TrialList4,jump,leap,move,1,jump-leap,move,e2_board4_words,Easy
E2,TrialList4,jump,leap,prance,1,jump-leap,prance,e2_board4_words,Easy
E2,TrialList4,jump,leap,skip,1,jump-leap,skip,e2_board4_words,Easy
E2,TrialList4,jump,leap,skydive,1,jump-leap,sky,e2_board4_words,Easy
E2,TrialList4,jump,leap,trampoline,1,jump-leap,trampoline,e2_board4_words,Easy
E2,TrialList4,jump,leap,upward,1,jump-leap,upward,e2_board4_words,Easy
E2,TrialList4,jump,leap,vault,1,jump-leap,vault,e2_board4_words,Easy
E2,TrialList4,travel,ankle,accelerate,1,travel-ankle,accelerate,e2_board4_words,Hard
E2,TrialList4,travel,ankle,Achilles,1,travel-ankle,Achilles,e2_board4_words,Hard
E2,TrialList4,travel,ankle,ale,1,travel-ankle,ale,e2_board4_words,Hard
E2,TrialList4,travel,ankle,basketball,2,travel-ankle,basketball,e2_board4_words,Hard
E2,TrialList4,travel,ankle,boot,1,travel-ankle,boot,e2_board4_words,Hard
E2,TrialList4,travel,ankle,break,1,travel-ankle,break,e2_board4_words,Hard
E2,TrialList4,travel,ankle,broken,1,travel-ankle,broken,e2_board4_words,Hard
E2,TrialList4,travel,ankle,connector,1,travel-ankle,connect,e2_board4_words,Hard
E2,TrialList4,travel,ankle,destination,1,travel-ankle,destination,e2_board4_words,Hard
E2,TrialList4,travel,ankle,feet,2,travel-ankle,feet,e2_board4_words,Hard
E2,TrialList4,travel,ankle,foot,2,travel-ankle,foot,e2_board4_words,Hard
E2,TrialList4,travel,ankle,footpath,2,travel-ankle,footpath,e2_board4_words,Hard
E2,TrialList4,travel,ankle,getaway,1,travel-ankle,getaway,e2_board4_words,Hard
E2,TrialList4,travel,ankle,globetrotter,1,travel-ankle,globe,e2_board4_words,Hard
E2,TrialList4,travel,ankle,hike,1,travel-ankle,hike,e2_board4_words,Hard
E2,TrialList4,travel,ankle,joint,1,travel-ankle,joint,e2_board4_words,Hard
E2,TrialList4,travel,ankle,leg,2,travel-ankle,leg,e2_board4_words,Hard
E2,TrialList4,travel,ankle,movement,1,travel-ankle,movement,e2_board4_words,Hard
E2,TrialList4,travel,ankle,plane,1,travel-ankle,plane,e2_board4_words,Hard
E2,TrialList4,travel,ankle,rotate,1,travel-ankle,rotate,e2_board4_words,Hard
E2,TrialList4,travel,ankle,sandal,1,travel-ankle,sandals,e2_board4_words,Hard
E2,TrialList4,travel,ankle,shoe,1,travel-ankle,shoe,e2_board4_words,Hard
E2,TrialList4,travel,ankle,transportation,1,travel-ankle,transportation,e2_board4_words,Hard
E2,TrialList4,travel,ankle,trap,1,travel-ankle,trap,e2_board4_words,Hard
E2,TrialList4,travel,ankle,trek,1,travel-ankle,trek,e2_board4_words,Hard
E2,TrialList4,travel,ankle,trip,1,travel-ankle,trip,e2_board4_words,Hard
E2,TrialList4,travel,ankle,twist,2,travel-ankle,twist,e2_board4_words,Hard
E2,TrialList4,travel,ankle,vacation,1,travel-ankle,vacation,e2_board4_words,Hard
E2,TrialList4,travel,ankle,walk,10,travel-ankle,walk,e2_board4_words,Hard
E2,TrialList5,hand,birth,baby,10,hand-birth,baby,e2_board5_words,Medium
E2,TrialList5,hand,birth,body,5,hand-birth,body,e2_board5_words,Medium
E2,TrialList5,hand,birth,born,1,hand-birth,born,e2_board5_words,Medium
E2,TrialList5,hand,birth,c-section,1,hand-birth,c-section,e2_board5_words,Medium
E2,TrialList5,hand,birth,deliver,3,hand-birth,deliver,e2_board5_words,Medium
E2,TrialList5,hand,birth,doctor,1,hand-birth,doctor,e2_board5_words,Medium
E2,TrialList5,hand,birth,doula,1,hand-birth,doula,e2_board5_words,Medium
E2,TrialList5,hand,birth,finger,2,hand-birth,finger,e2_board5_words,Medium
E2,TrialList5,hand,birth,fingerprint,1,hand-birth,fingerprint,e2_board5_words,Medium
E2,TrialList5,hand,birth,first,1,hand-birth,first,e2_board5_words,Medium
E2,TrialList5,hand,birth,god,1,hand-birth,God,e2_board5_words,Medium
E2,TrialList5,hand,birth,human,2,hand-birth,human,e2_board5_words,Medium
E2,TrialList5,hand,birth,mark,1,hand-birth,mark,e2_board5_words,Medium
E2,TrialList5,hand,birth,masturbate,1,hand-birth,masturbate,e2_board5_words,Medium
E2,TrialList5,hand,birth,midwife,5,hand-birth,midwife,e2_board5_words,Medium
E2,TrialList5,hand,birth,mother,1,hand-birth,mother,e2_board5_words,Medium
E2,TrialList5,hand,birth,newborn,1,hand-birth,newborn,e2_board5_words,Medium
E2,TrialList5,hand,birth,nurse,1,hand-birth,nurse,e2_board5_words,Medium
E2,TrialList5,hand,birth,right,1,hand-birth,right,e2_board5_words,Medium
E2,TrialList5,hand,birth,slap,1,hand-birth,slap,e2_board5_words,Medium
E2,TrialList5,hand,birth,squeeze,1,hand-birth,squeeze,e2_board5_words,Medium
E2,TrialList5,hand,birth,tradition,1,hand-birth,tradition,e2_board5_words,Medium
E2,TrialList5,hand,birth,vagina,1,hand-birth,vagina,e2_board5_words,Medium
E2,TrialList5,lion,tiger,animal,5,lion-tiger,animal,e2_board5_words,Easy
E2,TrialList5,lion,tiger,bear,1,lion-tiger,bear,e2_board5_words,Easy
E2,TrialList5,lion,tiger,beast,1,lion-tiger,beast,e2_board5_words,Easy
E2,TrialList5,lion,tiger,cat,24,lion-tiger,cat,e2_board5_words,Easy
E2,TrialList5,lion,tiger,cheetah,1,lion-tiger,cheetah,e2_board5_words,Easy
E2,TrialList5,lion,tiger,feline,4,lion-tiger,feline,e2_board5_words,Easy
E2,TrialList5,lion,tiger,mammal,1,lion-tiger,mammal,e2_board5_words,Easy
E2,TrialList5,lion,tiger,oh_my,1,lion-tiger,oh_my,e2_board5_words,Easy
E2,TrialList5,lion,tiger,roar,3,lion-tiger,roar,e2_board5_words,Easy
E2,TrialList5,lion,tiger,safari,1,lion-tiger,safari,e2_board5_words,Easy
E2,TrialList5,lion,tiger,wildcat,1,lion-tiger,wildcat,e2_board5_words,Easy
E2,TrialList5,lion,tiger,zoo,1,lion-tiger,zoo,e2_board5_words,Easy
E2,TrialList5,snake,ash,black,3,snake-ash,black,e2_board5_words,Hard
E2,TrialList5,snake,ash,burn,1,snake-ash,burn,e2_board5_words,Hard
E2,TrialList5,snake,ash,camouflage,1,snake-ash,camouflage,e2_board5_words,Hard
E2,TrialList5,snake,ash,camp,1,snake-ash,camp,e2_board5_words,Hard
E2,TrialList5,snake,ash,charm,1,snake-ash,charm,e2_board5_words,Hard
E2,TrialList5,snake,ash,cold blood,1,snake-ash,cold,e2_board5_words,Hard
E2,TrialList5,snake,ash,death,3,snake-ash,death,e2_board5_words,Hard
E2,TrialList5,snake,ash,desert,1,snake-ash,desert,e2_board5_words,Hard
E2,TrialList5,snake,ash,dirt,1,snake-ash,dirt,e2_board5_words,Hard
E2,TrialList5,snake,ash,dragon,2,snake-ash,dragon,e2_board5_words,Hard
E2,TrialList5,snake,ash,fireplace,1,snake-ash,fireplace,e2_board5_words,Hard
E2,TrialList5,snake,ash,grey,1,snake-ash,grey,e2_board5_words,Hard
E2,TrialList5,snake,ash,Hades,1,snake-ash,Hades,e2_board5_words,Hard
E2,TrialList5,snake,ash,hiss,2,snake-ash,hiss,e2_board5_words,Hard
E2,TrialList5,snake,ash,molt,1,snake-ash,molt,e2_board5_words,Hard
E2,TrialList5,snake,ash,pit,2,snake-ash,pit,e2_board5_words,Hard
E2,TrialList5,snake,ash,poison,6,snake-ash,poison,e2_board5_words,Hard
E2,TrialList5,snake,ash,Pokemon,3,snake-ash,Pokemon,e2_board5_words,Hard
E2,TrialList5,snake,ash,punishment,1,snake-ash,punishment,e2_board5_words,Hard
E2,TrialList5,snake,ash,reptile,1,snake-ash,reptile,e2_board5_words,Hard
E2,TrialList5,snake,ash,reputation,1,snake-ash,reputation,e2_board5_words,Hard
E2,TrialList5,snake,ash,ritual,1,snake-ash,ritual,e2_board5_words,Hard
E2,TrialList5,snake,ash,scare,1,snake-ash,scare,e2_board5_words,Hard
E2,TrialList5,snake,ash,slip,1,snake-ash,slip,e2_board5_words,Hard
E2,TrialList5,snake,ash,slither,2,snake-ash,slither,e2_board5_words,Hard
E2,TrialList5,snake,ash,sly,1,snake-ash,sly,e2_board5_words,Hard
E2,TrialList5,snake,ash,tree,1,snake-ash,tree,e2_board5_words,Hard
E2,TrialList5,snake,ash,volcano,1,snake-ash,volcano,e2_board5_words,Hard
E2,TrialList5,snake,ash,you,1,snake-ash,you,e2_board5_words,Hard
E2,TrialList6,crust,boot,blister,1,crust-boot,blister,e2_board6_words,Hard
E2,TrialList6,crust,boot,callus,1,crust-boot,callus,e2_board6_words,Hard
E2,TrialList6,crust,boot,desert,1,crust-boot,desert,e2_board6_words,Hard
E2,TrialList6,crust,boot,dirt,5,crust-boot,dirt,e2_board6_words,Hard
E2,TrialList6,crust,boot,dirty,4,crust-boot,dirty,e2_board6_words,Hard
E2,TrialList6,crust,boot,earth,1,crust-boot,earth,e2_board6_words,Hard
E2,TrialList6,crust,boot,fisherman,1,crust-boot,fisherman,e2_board6_words,Hard
E2,TrialList6,crust,boot,footwear,1,crust-boot,footwear,e2_board6_words,Hard
E2,TrialList6,crust,boot,grime,1,crust-boot,grime,e2_board6_words,Hard
E2,TrialList6,crust,boot,ground,1,crust-boot,ground,e2_board6_words,Hard
E2,TrialList6,crust,boot,hike,2,crust-boot,hike,e2_board6_words,Hard
E2,TrialList6,crust,boot,Italy,2,crust-boot,Italy,e2_board6_words,Hard
E2,TrialList6,crust,boot,item,1,crust-boot,item,e2_board6_words,Hard
E2,TrialList6,crust,boot,mud,13,crust-boot,mud,e2_board6_words,Hard
E2,TrialList6,crust,boot,old,1,crust-boot,old,e2_board6_words,Hard
E2,TrialList6,crust,boot,pizza,1,crust-boot,pizza,e2_board6_words,Hard
E2,TrialList6,crust,boot,shoe,4,crust-boot,shoe,e2_board6_words,Hard
E2,TrialList6,crust,boot,sock,1,crust-boot,sock,e2_board6_words,Hard
E2,TrialList6,crust,boot,sole,1,crust-boot,sole,e2_board6_words,Hard
E2,TrialList6,crust,boot,upper,1,crust-boot,upper,e2_board6_words,Hard
E2,TrialList6,elm,rock,backyard,1,elm-rock,backyard,e2_board6_words,Medium
E2,TrialList6,elm,rock,climb,1,elm-rock,climb,e2_board6_words,Medium
E2,TrialList6,elm,rock,earth,1,elm-rock,earth,e2_board6_words,Medium
E2,TrialList6,elm,rock,firm,1,elm-rock,firm,e2_board6_words,Medium
E2,TrialList6,elm,rock,forest,3,elm-rock,forest,e2_board6_words,Medium
E2,TrialList6,elm,rock,ground,1,elm-rock,ground,e2_board6_words,Medium
E2,TrialList6,elm,rock,hard,3,elm-rock,hard,e2_board6_words,Medium
E2,TrialList6,elm,rock,hardwood,1,elm-rock,wood,e2_board6_words,Medium
E2,TrialList6,elm,rock,heavy,1,elm-rock,heavy,e2_board6_words,Medium
E2,TrialList6,elm,rock,inanimate,1,elm-rock,inanimate,e2_board6_words,Medium
E2,TrialList6,elm,rock,landform,1,elm-rock,land,e2_board6_words,Medium
E2,TrialList6,elm,rock,landmark,1,elm-rock,landmark,e2_board6_words,Medium
E2,TrialList6,elm,rock,landscape,3,elm-rock,landscape,e2_board6_words,Medium
E2,TrialList6,elm,rock,lichen,1,elm-rock,lichen,e2_board6_words,Medium
E2,TrialList6,elm,rock,moss,1,elm-rock,moss,e2_board6_words,Medium
E2,TrialList6,elm,rock,natural,1,elm-rock,natural,e2_board6_words,Medium
E2,TrialList6,elm,rock,nature,11,elm-rock,nature,e2_board6_words,Medium
E2,TrialList6,elm,rock,outcropping,1,elm-rock,outcropping,e2_board6_words,Medium
E2,TrialList6,elm,rock,outdoor,1,elm-rock,outdoor,e2_board6_words,Medium
E2,TrialList6,elm,rock,rigid,1,elm-rock,rigid,e2_board6_words,Medium
E2,TrialList6,elm,rock,root,1,elm-rock,root,e2_board6_words,Medium
E2,TrialList6,elm,rock,stone,2,elm-rock,stone,e2_board6_words,Medium
E2,TrialList6,elm,rock,tree,2,elm-rock,tree,e2_board6_words,Medium
E2,TrialList6,elm,rock,unmoving,1,elm-rock,unmoving,e2_board6_words,Medium
E2,TrialList6,elm,rock,wood,2,elm-rock,wood,e2_board6_words,Medium
E2,TrialList6,sit,stand,action,2,sit-stand,action,e2_board6_words,Easy
E2,TrialList6,sit,stand,chair,12,sit-stand,chair,e2_board6_words,Easy
E2,TrialList6,sit,stand,command,1,sit-stand,command,e2_board6_words,Easy
E2,TrialList6,sit,stand,concert,1,sit-stand,concert,e2_board6_words,Easy
E2,TrialList6,sit,stand,desk,2,sit-stand,desk,e2_board6_words,Easy
E2,TrialList6,sit,stand,kneel,1,sit-stand,kneel,e2_board6_words,Easy
E2,TrialList6,sit,stand,lab,1,sit-stand,lab,e2_board6_words,Easy
E2,TrialList6,sit,stand,leg,2,sit-stand,leg,e2_board6_words,Easy
E2,TrialList6,sit,stand,legs,1,sit-stand,legs,e2_board6_words,Easy
E2,TrialList6,sit,stand,move,1,sit-stand,move,e2_board6_words,Easy
E2,TrialList6,sit,stand,movement,2,sit-stand,movement,e2_board6_words,Easy
E2,TrialList6,sit,stand,position,10,sit-stand,position,e2_board6_words,Easy
E2,TrialList6,sit,stand,posture,2,sit-stand,posture,e2_board6_words,Easy
E2,TrialList6,sit,stand,s,1,sit-stand,s,e2_board6_words,Easy
E2,TrialList6,sit,stand,stationary,1,sit-stand,stationary,e2_board6_words,Easy
E2,TrialList6,sit,stand,still,2,sit-stand,still,e2_board6_words,Easy
E2,TrialList6,sit,stand,symphony,1,sit-stand,symphony,e2_board6_words,Easy
E2,TrialList6,sit,stand,up,1,sit-stand,up,e2_board6_words,Easy
E2,TrialList7,east,short,arrow,1,east-short,arrow,e2_board7_words,Hard
E2,TrialList7,east,short,Asian,2,east-short,Asian,e2_board7_words,Hard
E2,TrialList7,east,short,cardinal,1,east-short,cardinal,e2_board7_words,Hard
E2,TrialList7,east,short,coast,1,east-short,coast,e2_board7_words,Hard
E2,TrialList7,east,short,compass,1,east-short,compass,e2_board7_words,Hard
E2,TrialList7,east,short,direction,14,east-short,direction,e2_board7_words,Hard
E2,TrialList7,east,short,directionless,1,east-short,direction,e2_board7_words,Hard
E2,TrialList7,east,short,distance,1,east-short,distance,e2_board7_words,Hard
E2,TrialList7,east,short,identification,1,east-short,identification,e2_board7_words,Hard
E2,TrialList7,east,short,Illinois,2,east-short,Illinois,e2_board7_words,Hard
E2,TrialList7,east,short,inch,1,east-short,inch,e2_board7_words,Hard
E2,TrialList7,east,short,Jersey,1,east-short,Jersey,e2_board7_words,Hard
E2,TrialList7,east,short,magnitude,1,east-short,magnitude,e2_board7_words,Hard
E2,TrialList7,east,short,measurement,1,east-short,measurement,e2_board7_words,Hard
E2,TrialList7,east,short,navigate,1,east-short,navigate,e2_board7_words,Hard
E2,TrialList7,east,short,origin,1,east-short,origin,e2_board7_words,Hard
E2,TrialList7,east,short,physicality,1,east-short,physical,e2_board7_words,Hard
E2,TrialList7,east,short,road,1,east-short,road,e2_board7_words,Hard
E2,TrialList7,east,short,simple,1,east-short,simple,e2_board7_words,Hard
E2,TrialList7,east,short,small,2,east-short,small,e2_board7_words,Hard
E2,TrialList7,east,short,sunrise,2,east-short,sunrise,e2_board7_words,Hard
E2,TrialList7,east,short,turn,1,east-short,turn,e2_board7_words,Hard
E2,TrialList7,east,short,vector,3,east-short,vector,e2_board7_words,Hard
E2,TrialList7,east,short,west,2,east-short,west,e2_board7_words,Hard
E2,TrialList7,glass,cage,animal,1,glass-cage,animal,e2_board7_words,Medium
E2,TrialList7,glass,cage,aquarium,3,glass-cage,aquarium,e2_board7_words,Medium
E2,TrialList7,glass,cage,bar,1,glass-cage,bar,e2_board7_words,Medium
E2,TrialList7,glass,cage,barrier,2,glass-cage,barrier,e2_board7_words,Medium
E2,TrialList7,glass,cage,bird,1,glass-cage,bird,e2_board7_words,Medium
E2,TrialList7,glass,cage,break,1,glass-cage,break,e2_board7_words,Medium
E2,TrialList7,glass,cage,breakout,1,glass-cage,break,e2_board7_words,Medium
E2,TrialList7,glass,cage,confine,1,glass-cage,confine,e2_board7_words,Medium
E2,TrialList7,glass,cage,confines,1,glass-cage,confine,e2_board7_words,Medium
E2,TrialList7,glass,cage,contain,1,glass-cage,contain,e2_board7_words,Medium
E2,TrialList7,glass,cage,container,5,glass-cage,container,e2_board7_words,Medium
E2,TrialList7,glass,cage,containment,1,glass-cage,contain,e2_board7_words,Medium
E2,TrialList7,glass,cage,encase,1,glass-cage,encase,e2_board7_words,Medium
E2,TrialList7,glass,cage,exhibit,1,glass-cage,exhibit,e2_board7_words,Medium
E2,TrialList7,glass,cage,fishtank,1,glass-cage,fish,e2_board7_words,Medium
E2,TrialList7,glass,cage,fragile,1,glass-cage,fragile,e2_board7_words,Medium
E2,TrialList7,glass,cage,greenhouse,1,glass-cage,green,e2_board7_words,Medium
E2,TrialList7,glass,cage,louvre,1,glass-cage,louvre,e2_board7_words,Medium
E2,TrialList7,glass,cage,Nicholas,1,glass-cage,Nicholas,e2_board7_words,Medium
E2,TrialList7,glass,cage,pantomime,1,glass-cage,pantomime,e2_board7_words,Medium
E2,TrialList7,glass,cage,prism,1,glass-cage,prism,e2_board7_words,Medium
E2,TrialList7,glass,cage,prison,1,glass-cage,prison,e2_board7_words,Medium
E2,TrialList7,glass,cage,shatter,1,glass-cage,shatter,e2_board7_words,Medium
E2,TrialList7,glass,cage,structure,1,glass-cage,structure,e2_board7_words,Medium
E2,TrialList7,glass,cage,transparent,1,glass-cage,transparent,e2_board7_words,Medium
E2,TrialList7,glass,cage,trap,2,glass-cage,trap,e2_board7_words,Medium
E2,TrialList7,glass,cage,view,1,glass-cage,view,e2_board7_words,Medium
E2,TrialList7,glass,cage,window,3,glass-cage,window,e2_board7_words,Medium
E2,TrialList7,glass,cage,zoo,5,glass-cage,zoo,e2_board7_words,Medium
E2,TrialList7,old,new,age,14,old-new,age,e2_board7_words,Easy
E2,TrialList7,old,new,condition,1,old-new,condition,e2_board7_words,Easy
E2,TrialList7,old,new,cycle,1,old-new,cycle,e2_board7_words,Easy
E2,TrialList7,old,new,fresh,1,old-new,fresh,e2_board7_words,Easy
E2,TrialList7,old,new,friend,1,old-new,friend,e2_board7_words,Easy
E2,TrialList7,old,new,generation,3,old-new,generation,e2_board7_words,Easy
E2,TrialList7,old,new,god,1,old-new,God,e2_board7_words,Easy
E2,TrialList7,old,new,grandparent,1,old-new,grandparent,e2_board7_words,Easy
E2,TrialList7,old,new,hand-me-down,1,old-new,hand-me-down,e2_board7_words,Easy
E2,TrialList7,old,new,life,1,old-new,life,e2_board7_words,Easy
E2,TrialList7,old,new,memory,1,old-new,memory,e2_board7_words,Easy
E2,TrialList7,old,new,midlife,1,old-new,midlife,e2_board7_words,Easy
E2,TrialList7,old,new,opposite,6,old-new,opposite,e2_board7_words,Easy
E2,TrialList7,old,new,quality,1,old-new,quality,e2_board7_words,Easy
E2,TrialList7,old,new,restore,1,old-new,restore,e2_board7_words,Easy
E2,TrialList7,old,new,shop,1,old-new,shop,e2_board7_words,Easy
E2,TrialList7,old,new,temporal,1,old-new,time,e2_board7_words,Easy
E2,TrialList7,old,new,time,6,old-new,time,e2_board7_words,Easy
E2,TrialList7,old,new,use,1,old-new,use,e2_board7_words,Easy
E2,TrialList7,old,new,wedding,1,old-new,wedding,e2_board7_words,Easy
E2,TrialList8,army,drum,band,5,army-drum,band,e2_board8_words,Medium
E2,TrialList8,army,drum,battle,1,army-drum,battle,e2_board8_words,Medium
E2,TrialList8,army,drum,battle cry,2,army-drum,battle,e2_board8_words,Medium
E2,TrialList8,army,drum,battle{-}music,1,army-drum,battle,e2_board8_words,Medium
E2,TrialList8,army,drum,beat,1,army-drum,beat,e2_board8_words,Medium
E2,TrialList8,army,drum,bugle,1,army-drum,bugle,e2_board8_words,Medium
E2,TrialList8,army,drum,fighter,1,army-drum,fighter,e2_board8_words,Medium
E2,TrialList8,army,drum,march,13,army-drum,marching,e2_board8_words,Medium
E2,TrialList8,army,drum,marching band,1,army-drum,marching,e2_board8_words,Medium
E2,TrialList8,army,drum,militant,1,army-drum,military,e2_board8_words,Medium
E2,TrialList8,army,drum,military,7,army-drum,military,e2_board8_words,Medium
E2,TrialList8,army,drum,patriotism,1,army-drum,patriotism,e2_board8_words,Medium
E2,TrialList8,army,drum,revolution,1,army-drum,revolution,e2_board8_words,Medium
E2,TrialList8,army,drum,soldier,2,army-drum,soldier,e2_board8_words,Medium
E2,TrialList8,army,drum,strike,1,army-drum,strike,e2_board8_words,Medium
E2,TrialList8,army,drum,war,4,army-drum,war,e2_board8_words,Medium
E2,TrialList8,army,drum,wartime,1,army-drum,war,e2_board8_words,Medium
E2,TrialList8,giant,subtle,background,1,giant-subtle,background,e2_board8_words,Hard
E2,TrialList8,giant,subtle,beanstalk,1,giant-subtle,beanstalk,e2_board8_words,Hard
E2,TrialList8,giant,subtle,big,1,giant-subtle,big,e2_board8_words,Hard
E2,TrialList8,giant,subtle,Bigfoot,1,giant-subtle,Bigfoot,e2_board8_words,Hard
E2,TrialList8,giant,subtle,broad,1,giant-subtle,broad,e2_board8_words,Hard
E2,TrialList8,giant,subtle,cloud,1,giant-subtle,cloud,e2_board8_words,Hard
E2,TrialList8,giant,subtle,clue,1,giant-subtle,clue,e2_board8_words,Hard
E2,TrialList8,giant,subtle,conspicuous,2,giant-subtle,conspicuous,e2_board8_words,Hard
E2,TrialList8,giant,subtle,difficult,1,giant-subtle,difficult,e2_board8_words,Hard
E2,TrialList8,giant,subtle,drastic,1,giant-subtle,drastic,e2_board8_words,Hard
E2,TrialList8,giant,subtle,elephant,2,giant-subtle,elephant,e2_board8_words,Hard
E2,TrialList8,giant,subtle,extreme,1,giant-subtle,extreme,e2_board8_words,Hard
E2,TrialList8,giant,subtle,flaw,1,giant-subtle,flaw,e2_board8_words,Hard
E2,TrialList8,giant,subtle,gentle,4,giant-subtle,gentle,e2_board8_words,Hard
E2,TrialList8,giant,subtle,gesture,1,giant-subtle,gesture,e2_board8_words,Hard
E2,TrialList8,giant,subtle,Hagrid,1,giant-subtle,Hagrid,e2_board8_words,Hard
E2,TrialList8,giant,subtle,hint,2,giant-subtle,hint,e2_board8_words,Hard
E2,TrialList8,giant,subtle,huge,1,giant-subtle,huge,e2_board8_words,Hard
E2,TrialList8,giant,subtle,mistake,1,giant-subtle,mistake,e2_board8_words,Hard
E2,TrialList8,giant,subtle,movement,1,giant-subtle,movement,e2_board8_words,Hard
E2,TrialList8,giant,subtle,ninja,1,giant-subtle,ninja,e2_board8_words,Hard
E2,TrialList8,giant,subtle,noticeable,1,giant-subtle,noticeable,e2_board8_words,Hard
E2,TrialList8,giant,subtle,obvious,2,giant-subtle,obvious,e2_board8_words,Hard
E2,TrialList8,giant,subtle,opposite,5,giant-subtle,opposite,e2_board8_words,Hard
E2,TrialList8,giant,subtle,oxymoron,1,giant-subtle,oxymoron,e2_board8_words,Hard
E2,TrialList8,giant,subtle,quiet,2,giant-subtle,quiet,e2_board8_words,Hard
E2,TrialList8,giant,subtle,size,2,giant-subtle,size,e2_board8_words,Hard
E2,TrialList8,giant,subtle,subdue,1,giant-subtle,subdue,e2_board8_words,Hard
E2,TrialList8,giant,subtle,sun,1,giant-subtle,sun,e2_board8_words,Hard
E2,TrialList8,giant,subtle,unfathomable,1,giant-subtle,unfathomable,e2_board8_words,Hard
E2,TrialList8,giant,subtle,unnoticed,1,giant-subtle,unnoticed,e2_board8_words,Hard
E2,TrialList8,happy,sad,bipolar,1,happy-sad,bipolar,e2_board8_words,Easy
E2,TrialList8,happy,sad,emotion,35,happy-sad,emotion,e2_board8_words,Easy
E2,TrialList8,happy,sad,feeling,2,happy-sad,feeling,e2_board8_words,Easy
E2,TrialList8,happy,sad,marriage,1,happy-sad,marriage,e2_board8_words,Easy
E2,TrialList8,happy,sad,mood,4,happy-sad,mood,e2_board8_words,Easy
E2,TrialList8,happy,sad,oppose,1,happy-sad,oppose,e2_board8_words,Easy
E2,TrialList9,candle,wick,blank,1,candle-wick,blank,e2_board9_words,Easy
E2,TrialList9,candle,wick,board,1,candle-wick,board,e2_board9_words,Easy
E2,TrialList9,candle,wick,burn,8,candle-wick,burn,e2_board9_words,Easy
E2,TrialList9,candle,wick,cake,1,candle-wick,cake,e2_board9_words,Easy
E2,TrialList9,candle,wick,fire,1,candle-wick,fire,e2_board9_words,Easy
E2,TrialList9,candle,wick,flame,14,candle-wick,flame,e2_board9_words,Easy
E2,TrialList9,candle,wick,holiday,1,candle-wick,holiday,e2_board9_words,Easy
E2,TrialList9,candle,wick,it,1,candle-wick,it,e2_board9_words,Easy
E2,TrialList9,candle,wick,lamp,1,candle-wick,lamp,e2_board9_words,Easy
E2,TrialList9,candle,wick,light,7,candle-wick,light,e2_board9_words,Easy
E2,TrialList9,candle,wick,match,2,candle-wick,match,e2_board9_words,Easy
E2,TrialList9,candle,wick,melt,1,candle-wick,melt,e2_board9_words,Easy
E2,TrialList9,candle,wick,smell,1,candle-wick,smell,e2_board9_words,Easy
E2,TrialList9,candle,wick,wax,4,candle-wick,wax,e2_board9_words,Easy
E2,TrialList9,olive,real,branch,1,olive-real,branch,e2_board9_words,Hard
E2,TrialList9,olive,real,eat,2,olive-real,eat,e2_board9_words,Hard
E2,TrialList9,olive,real,edible,2,olive-real,edible,e2_board9_words,Hard
E2,TrialList9,olive,real,food,7,olive-real,food,e2_board9_words,Hard
E2,TrialList9,olive,real,genuine,1,olive-real,genuine,e2_board9_words,Hard
E2,TrialList9,olive,real,Greece,1,olive-real,Greek,e2_board9_words,Hard
E2,TrialList9,olive,real,green,2,olive-real,green,e2_board9_words,Hard
E2,TrialList9,olive,real,grow,1,olive-real,grow,e2_board9_words,Hard
E2,TrialList9,olive,real,health,1,olive-real,health,e2_board9_words,Hard
E2,TrialList9,olive,real,Italian,1,olive-real,Italian,e2_board9_words,Hard
E2,TrialList9,olive,real,martini,4,olive-real,martini,e2_board9_words,Hard
E2,TrialList9,olive,real,natural,1,olive-real,natural,e2_board9_words,Hard
E2,TrialList9,olive,real,nonfiction,1,olive-real,nonfiction,e2_board9_words,Hard
E2,TrialList9,olive,real,nongmo,1,olive-real,nongmo,e2_board9_words,Hard
E2,TrialList9,olive,real,oil,5,olive-real,oil,e2_board9_words,Hard
E2,TrialList9,olive,real,organic,3,olive-real,organic,e2_board9_words,Hard
E2,TrialList9,olive,real,pit,1,olive-real,pit,e2_board9_words,Hard
E2,TrialList9,olive,real,salt,1,olive-real,salt,e2_board9_words,Hard
E2,TrialList9,olive,real,skin,1,olive-real,skin,e2_board9_words,Hard
E2,TrialList9,olive,real,taste,2,olive-real,taste,e2_board9_words,Hard
E2,TrialList9,olive,real,tree,1,olive-real,tree,e2_board9_words,Hard
E2,TrialList9,olive,real,truth,1,olive-real,truth,e2_board9_words,Hard
E2,TrialList9,olive,real,unsugarcoated,1,olive-real,unsugarcoated,e2_board9_words,Hard
E2,TrialList9,olive,real,vegetable,1,olive-real,vegetable,e2_board9_words,Hard
E2,TrialList9,olive,real,virgin,1,olive-real,virgin,e2_board9_words,Hard
E2,TrialList9,weird,trauma,{shift}olive{-}realo,1,weird-trauma,{shift}olive{-}realo,e2_board9_words,Medium
E2,TrialList9,weird,trauma,abnormal,2,weird-trauma,abnormal,e2_board9_words,Medium
E2,TrialList9,weird,trauma,accident,1,weird-trauma,accident,e2_board9_words,Medium
E2,TrialList9,weird,trauma,clown,1,weird-trauma,clown,e2_board9_words,Medium
E2,TrialList9,weird,trauma,concussion,1,weird-trauma,concussion,e2_board9_words,Medium
E2,TrialList9,weird,trauma,crazy,1,weird-trauma,crazy,e2_board9_words,Medium
E2,TrialList9,weird,trauma,creepy,1,weird-trauma,creepy,e2_board9_words,Medium
E2,TrialList9,weird,trauma,difficult,1,weird-trauma,difficult,e2_board9_words,Medium
E2,TrialList9,weird,trauma,dysfunction,1,weird-trauma,dysfunction,e2_board9_words,Medium
E2,TrialList9,weird,trauma,eerie,1,weird-trauma,eerie,e2_board9_words,Medium
E2,TrialList9,weird,trauma,emergency,1,weird-trauma,emergency,e2_board9_words,Medium
E2,TrialList9,weird,trauma,feeling,2,weird-trauma,feeling,e2_board9_words,Medium
E2,TrialList9,weird,trauma,hallucination,1,weird-trauma,hallucination,e2_board9_words,Medium
E2,TrialList9,weird,trauma,horror,1,weird-trauma,horror,e2_board9_words,Medium
E2,TrialList9,weird,trauma,hospital,1,weird-trauma,hospital,e2_board9_words,Medium
E2,TrialList9,weird,trauma,hurt,1,weird-trauma,hurt,e2_board9_words,Medium
E2,TrialList9,weird,trauma,incident,1,weird-trauma,incident,e2_board9_words,Medium
E2,TrialList9,weird,trauma,injury,1,weird-trauma,injury,e2_board9_words,Medium
E2,TrialList9,weird,trauma,insanity,1,weird-trauma,insanity,e2_board9_words,Medium
E2,TrialList9,weird,trauma,memorable,2,weird-trauma,memorable,e2_board9_words,Medium
E2,TrialList9,weird,trauma,minority,1,weird-trauma,minority,e2_board9_words,Medium
E2,TrialList9,weird,trauma,misdiagnosis,1,weird-trauma,diagnosis,e2_board9_words,Medium
E2,TrialList9,weird,trauma,nightmare,2,weird-trauma,nightmare,e2_board9_words,Medium
E2,TrialList9,weird,trauma,paranormal,1,weird-trauma,paranormal,e2_board9_words,Medium
E2,TrialList9,weird,trauma,psychoanalysis,1,weird-trauma,psychoanalysis,e2_board9_words,Medium
E2,TrialList9,weird,trauma,PTSD,2,weird-trauma,PTSD,e2_board9_words,Medium
E2,TrialList9,weird,trauma,rollercoaster,1,weird-trauma,rollercoaster,e2_board9_words,Medium
E2,TrialList9,weird,trauma,scar,1,weird-trauma,scar,e2_board9_words,Medium
E2,TrialList9,weird,trauma,school,1,weird-trauma,school,e2_board9_words,Medium
E2,TrialList9,weird,trauma,shock,3,weird-trauma,shock,e2_board9_words,Medium
E2,TrialList9,weird,trauma,stab,1,weird-trauma,stab,e2_board9_words,Medium
E2,TrialList9,weird,trauma,strange,1,weird-trauma,strange,e2_board9_words,Medium
E2,TrialList9,weird,trauma,trigger,1,weird-trauma,trigger,e2_board9_words,Medium
E2,TrialList9,weird,trauma,uncomfortable,2,weird-trauma,uncomfortable,e2_board9_words,Medium
E2,TrialList9,weird,trauma,unusual,1,weird-trauma,unusual,e2_board9_words,Medium
E2,TrialList9,weird,trauma,you,1,weird-trauma,you,e2_board9_words,Medium